FULL NAME,POS,Guard,MPG,Usage Rate,Turnover Rate,FTA,FT%,2PA,2P%,3PA,3P%,eFG%,TS%,PPG,RPG,TRB%,APG,AST%,SPG,BPG,TOPG,ORTG,DRTG
Nicolo Melli,C-F,0,17.4,15.7,11.5,73,0.74,117,0.573,206,0.335,0.528,0.556,6.6,3,9.2,1.4,10.5,0.57,0.38,0.77,110.6,103.5
Steven Adams,C,0,26.7,17.3,14.4,201,0.582,475,0.594,3,0.333,0.593,0.604,10.9,9.3,19.2,2.3,13.2,0.81,1.06,1.51,122,101.9
Jarrett Allen,C,0,26.5,14.9,11.7,270,0.633,459,0.658,6,0,0.649,0.664,11.1,9.6,18.7,1.6,8.9,0.57,1.31,1.1,131.3,101
Deandre Ayton,C,0,32.5,23.6,11.6,89,0.753,555,0.553,13,0.231,0.548,0.568,18.2,11.5,19.6,1.9,9.6,0.66,1.53,2.11,110.4,102.9
Mo Bamba,C,0,14.2,17.1,12.1,46,0.674,179,0.531,107,0.346,0.526,0.542,5.4,4.9,18.6,0.7,7.2,0.37,1.37,0.68,110.1,96.7
Khem Birch,C,0,19.2,10.2,14.2,101,0.653,142,0.514,1,0,0.51,0.566,4.4,4.6,12.8,1,7.3,0.42,0.48,0.65,120.6,103.1
Bismack Biyombo,C,0,19.4,16.8,12.2,151,0.603,278,0.543,0,0,0.543,0.57,7.4,5.8,16.3,0.9,7.8,0.19,0.92,0.91,115.5,103.3
Marques Bolden,C,0,2.8,0,,0,0,0,0,0,0,,,0,2,39.7,0,0,1,0,0,,
Moses Brown,C,0,3.7,21.3,18.2,8,0.375,10,0.4,0,0,0.4,0.407,1.2,1.6,22.3,0.1,4,0.11,0.11,0.33,,
Clint Capela,C,0,32.8,16.1,12.7,104,0.529,388,0.629,0,0,0.629,0.626,13.9,13.8,22,1.2,5.7,0.87,1.79,1.62,123.4,101.9
Willie Cauley-Stein,C,0,22.9,14.4,11,57,0.614,257,0.56,0,0,0.56,0.573,7.9,6.2,14.7,1.5,9.9,1.12,1.22,0.85,114.3,103.2
Willie Cauley-Stein,C,0,12.1,14.7,9.3,9,0.556,44,0.705,1,0,0.689,0.684,5.2,4.6,20.1,0.8,9.6,0.31,0.85,0.38,134.5,97.6
Tyson Chandler,C,0,8.4,6,25.2,13,0.462,18,0.778,0,0,0.778,0.717,1.3,2.5,15.8,0.2,3.5,0.23,0.31,0.31,134.4,97.9
Dewayne Dedmon,C,0,15.9,18.5,20.4,28,0.821,100,0.55,71,0.197,0.444,0.477,5.1,4.9,17.4,0.4,3.9,0.44,0.76,1.38,88.4,94.9
Dewayne Dedmon,C,0,23.3,17.4,10.3,8,0.875,48,0.521,36,0.222,0.44,0.463,8.1,8.2,18.9,0.7,4.3,1,1.5,1,93.8,95.8
Gorgui Dieng,C,0,16.9,18.4,12.7,59,0.797,157,0.497,120,0.383,0.531,0.563,7.4,5.6,17.3,1.3,11.1,0.8,0.91,0.96,112.6,101.2
Gorgui Dieng,C,0,18.7,15.9,13.2,42,0.738,55,0.618,32,0.25,0.529,0.583,7.2,5.8,16.2,0.9,6.3,0.82,1,0.94,111.8,99.1
Andre Drummond,C,0,33.7,25.5,18,255,0.584,658,0.546,21,0.048,0.531,0.55,17.8,15.8,26.6,2.8,14,1.98,1.67,3.55,104.3,97.5
Andre Drummond,C,0,28.1,28.8,19.2,39,0.513,91,0.593,14,0.286,0.571,0.573,17.5,11.1,22,1.8,10.9,1.5,1.38,3.63,99.3,100.8
Tacko Fall,C,0,4.6,24,16.4,3,0.333,14,0.786,0,0,0.786,0.751,3.3,2.1,24.7,0.1,6,0.29,0.57,0.43,114.7,77.2
Marc Gasol,C,0,26.4,13.2,16.4,49,0.735,131,0.473,148,0.385,0.529,0.551,7.5,6.2,12.5,3.3,17.3,0.77,0.86,1.34,110.1,96
Rudy Gobert,C,0,34.3,16.2,15,403,0.63,557,0.693,0,0,0.693,0.699,15.1,13.5,21.7,1.5,6.6,0.72,1.97,1.91,130,99.2
Nikola Jokic,C,0,32,26.6,15.8,301,0.817,816,0.594,255,0.314,0.565,0.605,19.9,9.7,17.1,7,35.2,1.16,0.6,3.08,118.8,101.5
Damian Jones,C,0,16.1,11.4,11.5,84,0.738,169,0.704,9,0.222,0.685,0.712,5.6,3.7,12.5,0.6,5.6,0.47,0.73,0.51,137,101.2
DeAndre Jordan,C,0,22,14.1,17.8,122,0.68,287,0.666,0,0,0.666,0.682,8.3,10,23.5,1.9,12.6,0.32,0.93,1.32,127.5,98.3
Enes Kanter,C,0,17,19.4,12.5,99,0.707,341,0.581,7,0.143,0.573,0.599,8.1,7.4,23.5,1,8.8,0.4,0.71,0.97,122.1,97
Alex Len,C,0,18.6,18.8,11.9,81,0.63,205,0.624,56,0.25,0.571,0.588,8.7,5.8,16.7,1.1,8.7,0.5,0.83,1,114.5,104
Alex Len,C,0,15,16.5,18.7,24,0.708,56,0.589,3,0.667,0.61,0.64,5.9,6.1,22.7,0.5,5.2,0.2,1,1.07,118.2,97.1
Meyers Leonard,C,0,20.3,12.1,13.7,28,0.643,106,0.623,128,0.414,0.622,0.627,6.1,5.1,13.9,1.1,7.6,0.27,0.29,0.76,114,100.7
Brook Lopez,C,0,26.7,18.3,8.7,152,0.836,346,0.549,325,0.314,0.511,0.551,12,4.6,8.5,1.5,7.4,0.68,2.4,1.03,108.9,97.6
Robin Lopez,C,0,14.5,16.6,16.4,53,0.528,194,0.577,105,0.333,0.55,0.554,5.4,2.4,8.3,0.7,6.3,0.15,0.68,0.95,100.9,98.3
Ian Mahinmi,C,0,21.3,15.7,14.7,113,0.619,185,0.535,26,0.192,0.505,0.543,7.4,5.8,14.8,1.3,8.3,0.82,1.16,1.18,109.6,102.9
Boban Marjanovic,C,0,10,26.9,11.7,57,0.754,193,0.606,17,0.235,0.586,0.615,6.9,4.7,24.5,0.5,8.3,0.19,0.24,0.74,118.8,96.6
Eric Mika,C,0,19.1,8.8,0,2,1,3,0.667,0,0,0.667,0.773,6,7,20.6,0,0,0,0,0,171.2,85.6
Jusuf Nurkic,C,0,31.7,24,13.2,35,0.886,99,0.525,10,0.2,0.505,0.567,17.6,10.3,17,4,19.1,1.38,2,2.38,115.5,98.3
Kelly Olynyk,C,0,19.4,17.4,13.8,100,0.86,164,0.543,234,0.406,0.582,0.621,8.2,4.6,13.1,1.7,13.3,0.67,0.34,1.06,116.1,96.6
Anzejs Pasecniks,C,0,16.8,15.8,14.5,58,0.586,113,0.54,3,0,0.526,0.551,6,4.1,13.4,0.7,5.7,0.35,0.46,0.92,108.4,101.5
Justin Patton,C,0,4.8,21.8,16.7,0,0,6,0.5,4,0.25,0.45,0.45,1.8,1,11.4,0.4,12.5,0,0,0.4,85.6,95.6
Jakob Poeltl,C,0,17.7,13.1,14.9,86,0.465,266,0.624,0,0,0.624,0.612,5.6,5.7,17.2,1.8,13.7,0.56,1.45,0.8,125.5,103.5
Jonas Valanciunas,C,0,26.4,21.6,13.3,200,0.74,650,0.615,91,0.352,0.605,0.63,14.9,11.3,22.6,1.9,10.9,0.44,1.1,1.81,119.1,100.1
Nikola Vucevic,C,0,32.2,25.8,7.4,167,0.784,744,0.531,289,0.339,0.525,0.549,19.6,10.8,18,3.6,19.5,0.87,0.76,1.42,113.4,103
Hassan Whiteside,C,0,30,19.6,12.9,239,0.686,695,0.622,7,0.571,0.624,0.644,15.5,13.5,23.6,1.2,5.9,0.39,2.93,1.79,124.4,103.5
Cody Zeller,C,0,23.1,20.8,11.8,179,0.682,405,0.575,75,0.24,0.542,0.574,11.1,7.1,16.8,1.5,11.3,0.69,0.43,1.29,115.2,103
Ante Zizic,C,0,10,17.5,11.1,19,0.737,72,0.569,0,0,0.569,0.597,4.4,3,16.4,0.3,4.2,0.32,0.23,0.45,115,102.9
Ivica Zubac,C,0,18.4,16.4,11.7,166,0.747,385,0.613,2,0,0.61,0.648,8.3,7.6,21.3,1.1,9.1,0.22,0.92,0.85,132.1,95.4
Bam Adebayo,C-F,0,33.6,21.2,17.5,382,0.691,777,0.564,14,0.143,0.558,0.597,15.9,10.2,17,5.1,24.2,1.14,1.29,2.82,116.2,102.2
Aron Baynes,C-F,0,22.2,21.2,10.8,75,0.747,214,0.579,168,0.351,0.556,0.58,11.5,5.7,14.3,1.6,10.9,0.21,0.55,1.19,112.8,99
Goga Bitadze,C-F,0,8.7,17.8,14.1,33,0.727,108,0.574,42,0.19,0.493,0.523,3.2,1.9,12.1,0.4,6.7,0.19,0.69,0.5,99.1,96.6
Bol Bol,C-F,0,14.5,21.2,23.6,10,0.8,19,0.526,9,0.444,0.571,0.617,6.7,3.2,12.3,1,9.8,0.33,1,1.67,101.6,100.8
Tony Bradley,C-F,0,11.4,15.8,12.5,46,0.652,186,0.661,3,1,0.675,0.681,4.9,4.6,22.2,0.4,5.4,0.24,0.57,0.52,134.7,91.9
Thomas Bryant,C-F,0,24.9,18.9,10.2,115,0.739,327,0.63,91,0.407,0.626,0.649,13.2,7.2,15.8,1.8,11.1,0.54,1.07,1.15,126,108.6
Wendell Carter Jr.,C-F,0,29.2,16.4,14.9,152,0.737,314,0.564,29,0.207,0.542,0.59,11.3,9.4,17.7,1.2,6,0.77,0.84,1.67,114.9,99.1
Joel Embiid,C-F,0,29.5,33,13.8,436,0.807,630,0.516,172,0.331,0.512,0.59,23,11.6,21.7,3,16.9,0.86,1.29,3.12,113,96.8
Isaiah Hartenstein,C-F,0,11.6,14.8,16.8,28,0.679,62,0.71,5,0,0.657,0.674,4.7,3.9,17.7,0.8,10,0.39,0.52,0.7,127.6,95.5
Jaxson Hayes,C-F,0,16.9,15,13.4,190,0.647,256,0.676,4,0.25,0.671,0.687,7.4,4.1,12.8,0.9,7.2,0.41,0.88,0.83,129.3,100.4
Dewan Hernandez,C-F,0,4.7,29.1,15.6,5,0.6,12,0.333,2,0.5,0.393,0.432,2.3,2.3,26.2,0.5,16.2,0.17,0,0.5,94.4,80.6
Willy Hernangomez,C-F,0,12.1,22.9,15.4,59,0.627,117,0.59,22,0.227,0.55,0.576,6.1,4.4,19.6,0.9,13.5,0.32,0.23,0.97,109.8,103.7
Al Horford,C-F,0,30.2,17.5,9.7,80,0.763,426,0.516,283,0.35,0.52,0.536,11.9,6.8,12.4,4,19.2,0.81,0.91,1.19,114.6,105
Dwight Howard,C-F,0,18.9,14.7,18.6,214,0.514,272,0.732,5,0.6,0.735,0.696,7.5,7.3,21.2,0.7,4.8,0.46,1.14,1.23,123.5,90
Luke Kornet,C-F,0,15.5,16.3,6.6,28,0.714,79,0.646,108,0.287,0.521,0.539,6,2.3,8.3,0.9,8.5,0.31,0.72,0.39,111.8,106
JaVale McGee,C-F,0,16.6,14.8,13.9,82,0.646,300,0.64,6,0.5,0.642,0.652,6.6,5.8,18.9,0.5,4.6,0.53,1.37,0.81,123,93.2
Nerlens Noel,C-F,0,18.5,14.9,17.3,106,0.755,266,0.688,3,0.333,0.686,0.711,7.4,4.9,14.7,0.9,7.6,0.97,1.49,1.08,127.4,93.7
Jahlil Okafor,C-F,0,15.6,19.9,16.7,62,0.645,159,0.629,3,0.333,0.627,0.642,8.1,4.2,14.4,1.2,12,0.23,0.73,1.27,116.6,101.1
Kyle O'Quinn,C-F,0,10.8,15.7,17.6,20,0.55,58,0.603,27,0.259,0.535,0.544,3.5,4,20.5,1.8,22.7,0.24,0.83,0.69,116,97.7
Vincent Poirier,C-F,0,5.9,15.4,17,7,0.857,34,0.471,2,0.5,0.486,0.525,1.9,2,17.7,0.4,8.5,0.09,0.41,0.36,106.2,88.7
Julius Randle,C-F,0,32.5,27.6,14.3,352,0.733,774,0.516,231,0.277,0.493,0.538,19.5,9.7,16,3.1,15.8,0.8,0.34,3.03,104.4,105.7
Naz Reid,C-F,0,16.5,24,7.6,53,0.698,146,0.466,97,0.33,0.477,0.505,9,4.1,13.2,1.2,11.2,0.63,0.73,0.73,104.8,97.6
Mitchell Robinson,C-F,0,23.2,13.3,8.3,148,0.568,341,0.742,0,0,0.742,0.726,9.7,7,16.2,0.6,3.9,0.85,1.95,0.61,141.7,100.3
Tristan Thompson,C-F,0,30.2,18.3,14,161,0.615,538,0.519,23,0.391,0.521,0.541,12,10.1,18.6,2.1,10.5,0.56,0.88,1.81,111.1,109.5
Karl-Anthony Towns,C-F,0,33.9,28.8,13.2,226,0.796,345,0.586,277,0.412,0.6,0.642,26.5,10.8,16.8,4.4,22.8,0.94,1.2,3.14,120.7,104
Myles Turner,C-F,0,29.4,17.9,11.4,169,0.751,337,0.54,250,0.344,0.53,0.566,12.1,6.6,12.3,1.2,5.4,0.74,2.13,1.37,107.7,101.5
Robert Williams III,C-F,0,13.4,13.5,16.3,34,0.647,88,0.727,0,0,0.727,0.728,5.2,4.4,17.7,0.9,10.1,0.79,1.21,0.69,134.4,92.8
Al-Farouq Aminu,F,0,21.1,13.2,14.7,29,0.655,50,0.32,36,0.25,0.343,0.395,4.3,4.9,12.5,1.2,7.4,1,0.44,0.94,88.2,103.7
Ryan Anderson,F,0,7,23.7,12.5,0,0,2,0.5,5,0.2,0.357,0.357,2.5,3.5,26.2,1,20.4,0.5,0,0.5,77.5,94.4
Giannis Antetokounmpo,F,0,30.4,37.5,13.2,629,0.633,945,0.631,293,0.304,0.589,0.613,29.5,13.6,22.1,5.6,34.2,0.98,1.05,3.65,116.1,90.2
Kostas Antetokounmpo,F,0,4,10.2,20.5,2,0.5,3,1,0,0,1,0.902,1.4,0.6,8.2,0.4,13.6,0,0,0.2,151,104.6
Thanasis Antetokounmpo,F,0,6.4,21.6,17.8,17,0.412,38,0.632,10,0,0.5,0.496,2.8,1.2,9.2,0.8,16.4,0.35,0.1,0.6,97.9,91.9
Carmelo Anthony,F,0,32.8,21.2,10.5,161,0.845,556,0.448,226,0.385,0.485,0.525,15.4,6.3,10.2,1.5,6.4,0.84,0.47,1.72,103.2,109
OG Anunoby,F,0,29.9,14.3,11.5,102,0.706,338,0.583,228,0.39,0.584,0.6,10.6,5.3,9.3,1.6,7.5,1.41,0.65,1.14,114.1,100
Trevor Ariza,F,0,24.7,11.2,13.7,27,0.778,43,0.488,122,0.352,0.518,0.543,6,4.6,10.4,1.6,8.3,1.09,0.25,0.88,107.5,106.2
Trevor Ariza,F,0,33.4,12.6,13.5,47,0.872,74,0.595,85,0.4,0.597,0.643,11,4.8,7.5,2,7.6,1.62,0.38,1.33,120.9,111.1
Marvin Bagley III,F,0,25.7,25.8,9.1,31,0.806,145,0.51,22,0.182,0.479,0.512,14.2,7.5,16.3,0.8,4.9,0.46,0.92,1.38,102,101
Harrison Barnes,F,0,34.5,17.4,8.8,267,0.801,524,0.502,268,0.381,0.525,0.575,14.5,4.9,8,2.2,9.3,0.6,0.17,1.22,115.7,114
Keita Bates-Diop,F,0,17.5,15.8,5.6,65,0.708,112,0.5,94,0.33,0.498,0.535,6.8,3,9,0.8,6.7,0.46,0.54,0.38,111.6,111.1
Keita Bates-Diop,F,0,14,15.7,8.5,10,0.8,19,0.526,9,0.333,0.518,0.571,5.3,2.4,9.7,0,0,0.29,0.57,0.43,110.9,108.1
Jordan Bell,F,0,8.7,15.9,19.8,29,0.586,51,0.588,9,0.222,0.55,0.57,3.1,2.9,17.7,0.5,8.6,0.07,0.37,0.67,108,108.4
Jordan Bell,F,0,10.7,21.2,27.6,2,1,4,0.25,3,0.667,0.571,0.635,5,1.5,7.4,1,12.6,0.5,0,1.5,102.8,106.7
Dragan Bender,F,0,13,12.4,18.3,3,0.667,12,0.5,9,0.444,0.571,0.582,3.7,2.9,10.9,1.3,12.6,0,0.71,0.71,104.8,88.3
Dragan Bender,F,0,21.6,20.1,17.4,11,0.727,37,0.541,34,0.324,0.514,0.534,9,5.9,14.7,2.1,15.3,0.44,0.44,1.78,100.9,102.4
Davis Bertans,F,0,29.3,19,8.2,122,0.852,138,0.471,472,0.424,0.598,0.628,15.4,4.5,8.5,1.7,8.4,0.69,0.61,1.09,119.8,110.7
Nemanja Bjelica,F,0,27.9,17,12.4,84,0.821,333,0.541,321,0.417,0.583,0.601,11.5,6.3,12.8,2.8,14.7,0.85,0.56,1.36,118.3,103.5
Bojan Bogdanovic,F,0,33.1,25.5,13.1,277,0.903,478,0.479,457,0.414,0.548,0.603,20.2,4.1,6.8,2.1,10,0.54,0.11,2.54,110.5,108.8
Jonah Bolden,F,0,3.6,17.7,34,2,0,2,1,1,0,0.667,0.515,1,0.3,3.9,0,0,0.25,0,0.5,,
Jonah Bolden,F,0,10.9,11.5,0,2,1,5,0.4,3,0,0.25,0.338,2,2.7,13.5,0,0,0.67,0.67,0,93.3,92.8
Jarrell Brantley,F,0,10.7,16.3,19.5,2,0.5,15,0.467,13,0.231,0.411,0.416,2.7,2.2,11.5,1.2,15.8,0.33,0.56,0.78,84.9,103.4
Ignas Brazdeikis,F,0,5.9,20.9,7.6,5,0.8,13,0.385,9,0.111,0.295,0.351,1.9,0.6,5,0.4,10.5,0,0.11,0.22,82.3,115.2
Miles Bridges,F,0,30.7,20,10.4,131,0.809,453,0.486,300,0.33,0.489,0.52,13,5.6,9.9,1.8,9.4,0.62,0.74,1.45,103.3,109.4
Mikal Bridges,F,0,28,12.7,12,122,0.844,290,0.61,194,0.361,0.583,0.62,9.1,4,7.9,1.8,8.6,1.44,0.63,1,118.6,105.6
Jimmy Butler,F,0,33.8,25.1,11.4,525,0.834,640,0.494,119,0.244,0.474,0.584,19.9,6.6,11,6,28.1,1.78,0.55,2.19,122.5,107.2
Bruno Caboclo,F,0,8.7,16.8,9.1,3,0.667,44,0.545,25,0.16,0.435,0.441,2.8,2,12.1,0.5,7.1,0.45,0.55,0.32,96.6,100.6
Bruno Caboclo,F,0,6.5,22.7,20.9,6,1,12,0.667,8,0.25,0.55,0.618,3.5,2,16,0.3,5.9,0.63,0.63,0.75,108.1,93.2
Devontae Cacok,F,0,8.9,28.4,0,0,0,6,0.5,0,0,0.5,0.5,6,5,30.7,1,20.7,0,0,0,120.3,107.6
Vlatko Cancar,F,0,3.2,18.9,15.2,4,1,9,0.556,6,0.167,0.433,0.507,1.2,0.7,12.3,0.2,9,0.07,0.07,0.21,,
DeMarre Carroll,F,0,9,15.3,20.9,20,0.6,16,0.375,13,0.231,0.362,0.437,2.2,2.1,12.4,0.7,10.1,0.13,0.13,0.67,88.2,101.1
DeMarre Carroll,F,0,17.2,14.4,13,22,0.773,17,0.647,20,0.25,0.5,0.578,6,2.7,8.1,1.6,12.2,0.67,0.33,0.78,117.2,106.2
Wilson Chandler,F,0,21,12.9,15,23,0.87,62,0.597,121,0.306,0.505,0.531,5.9,4.2,10.3,1.1,7.3,0.46,0.34,0.97,99,100.7
Zylan Cheatham,F,0,12.8,10.4,30.8,0,0,8,0.75,1,0,0.667,0.667,3,2.3,9.3,0.8,7.7,0.25,0.25,1,101.8,96.7
Marquese Chriss,F,0,20.3,19,14.6,156,0.769,347,0.582,39,0.205,0.554,0.603,9.3,6.2,16.6,1.9,15.3,0.66,1.05,1.32,116.6,104.5
Gary Clark,F,0,11.8,12.5,3.1,7,0.857,8,0.625,51,0.353,0.542,0.564,3.9,2.2,9.9,0.7,7.7,0.11,0.39,0.11,125.4,105.1
Gary Clark,F,0,14.8,10.1,9.6,3,1,14,0.714,60,0.35,0.561,0.571,3.6,2.9,10.6,0.2,1.9,0.17,0.63,0.33,115.4,107.2
John Collins,F,0,33.2,22.7,10.1,150,0.8,458,0.642,147,0.401,0.632,0.659,21.6,10.1,16.4,1.5,7.6,0.76,1.61,1.83,123.5,106.6
Tyler Cook,F,0,3.2,16.7,7.3,6,0.833,10,0.7,0,0,0.7,0.752,1.7,0.9,15.9,0.1,4.5,0.09,0,0.09,,
Tyler Cook,F,0,9.6,11.1,41,2,1,2,0.5,0,0,0.5,0.694,2,2,11.7,0,0,1,0,1,97.8,106
Robert Covington,F,0,29.4,17.8,12,94,0.798,184,0.587,312,0.346,0.544,0.572,12.8,6,10.7,1.2,5.9,1.67,0.94,1.52,105.9,103.2
Robert Covington,F,0,33,15.4,11.1,30,0.8,59,0.61,168,0.315,0.509,0.531,11.6,8,12.7,1.5,6.1,1.5,2.23,1.36,104.4,101.2
Torrey Craig,F,0,18.5,12.6,8.1,36,0.611,131,0.603,138,0.326,0.545,0.553,5.4,3.3,9.9,0.8,5.9,0.4,0.62,0.43,115,102.3
Jae Crowder,F,0,29.4,15.6,10.9,95,0.789,133,0.519,266,0.293,0.466,0.507,9.9,6.2,11,2.8,12.2,1.04,0.31,1.2,105.2,106.7
Jae Crowder,F,0,27.7,15.3,7.8,30,0.733,36,0.611,128,0.445,0.655,0.669,11.9,5.4,10.8,1.8,9.7,1.25,0.5,0.75,126.7,99.8
Troy Daniels,F,0,12.7,17.7,9.7,0,0,8,0.5,20,0.3,0.464,0.464,4.3,1,4.4,0.5,5.4,0.5,0,0.5,88.6,106.3
Ed Davis,F,0,10.8,9.4,20,14,0.5,46,0.478,0,0,0.478,0.489,1.8,3.8,19,0.4,5.2,0.39,0.32,0.46,109,88.2
DeMar DeRozan,F,0,34.1,26.3,11.6,450,0.844,1014,0.54,35,0.257,0.535,0.603,22.1,5.5,8.8,5.6,26,1.03,0.29,2.41,118.3,108.6
Sekou Doumbouya,F,0,19.8,16.9,12,46,0.674,138,0.464,98,0.286,0.449,0.474,6.4,3.1,8.9,0.5,3.7,0.53,0.21,0.92,90.7,105.2
Jared Dudley,F,0,8.1,8,11.6,2,1,18,0.333,42,0.429,0.55,0.558,1.5,1.2,7.8,0.6,9.5,0.33,0.07,0.18,116.8,98.6
James Ennis III,F,0,15.8,15.7,10.6,61,0.787,120,0.525,106,0.349,0.524,0.564,5.8,3.1,10.7,0.8,7.3,0.45,0.31,0.61,113.7,101.7
James Ennis III,F,0,24.5,15.6,15.3,37,0.838,70,0.6,63,0.286,0.519,0.566,8.5,4.8,10.4,1.1,6.5,0.6,0.4,1.35,105.2,101.9
Derrick Favors,F,0,24.4,14,13,71,0.563,331,0.628,7,0.143,0.62,0.622,9,9.8,21.3,1.6,9.2,0.59,0.9,1.08,124.5,103.9
Dorian Finney-Smith,F,0,29.9,12.9,10.8,108,0.722,219,0.589,303,0.376,0.575,0.595,9.5,5.7,10,1.6,7.2,0.63,0.55,0.97,121.1,106.7
Wenyen Gabriel,F,0,5.6,18.7,18.9,10,0.6,9,0.556,8,0.125,0.382,0.444,1.7,0.9,9.2,0.3,6.6,0.27,0.18,0.45,86.8,103.5
Wenyen Gabriel,F,0,9.1,11.5,23.3,12,0.75,19,0.526,12,0.417,0.565,0.606,2.3,2.2,12.7,0.3,3.6,0.42,0.26,0.58,111,97.6
Danilo Gallinari,F,0,29.6,24.6,7.4,298,0.893,378,0.476,439,0.405,0.547,0.612,18.7,5.2,9.6,1.9,10.3,0.68,0.08,1.23,119.7,107.6
Paul George,F,0,29.6,29.6,12.5,217,0.876,401,0.464,381,0.412,0.539,0.589,21.5,5.7,10,3.9,21.1,1.4,0.42,2.6,111.9,100.9
Taj Gibson,F,0,16.5,14.8,12.9,56,0.732,272,0.599,14,0.286,0.591,0.61,6.1,4.3,13.9,0.8,7.6,0.44,0.48,0.74,119.8,103.7
Aaron Gordon,F,0,32.5,20.7,10.4,224,0.674,530,0.494,237,0.308,0.484,0.516,14.4,7.7,12.7,3.7,17.4,0.82,0.63,1.61,107.2,105.8
Jerami Grant,F,0,26.6,18,8.1,194,0.747,381,0.538,252,0.389,0.556,0.591,12,3.5,7.3,1.2,6.6,0.7,0.8,0.89,116.2,107.6
Draymond Green,F,0,28.4,15.7,21.8,83,0.759,186,0.468,129,0.279,0.448,0.491,8,6.2,11.8,6.2,31.2,1.37,0.77,2.28,100.6,105.2
Jeff Green,F,0,18.4,19.7,10.8,63,0.778,91,0.451,104,0.327,0.472,0.523,7.8,2.7,8.1,0.7,5.2,0.4,0.33,0.9,101.4,104.7
Jeff Green,F,0,22.6,17.9,8.5,28,0.857,70,0.8,79,0.354,0.658,0.682,12.2,2.9,6.7,1.7,11.6,0.83,0.5,0.83,130.4,104
Blake Griffin,F,0,28.5,28.4,12,98,0.776,139,0.439,111,0.243,0.406,0.476,15.5,4.7,9.3,3.3,18,0.39,0.39,2.22,97.5,111.8
Rui Hachimura,F,0,30.1,19,8,140,0.829,458,0.5,87,0.287,0.489,0.535,13.5,6.1,11.1,1.8,8.8,0.77,0.17,1.1,110,111.8
Donta Hall,F,0,12,7.9,23.1,6,0.667,4,0.25,0,0,0.25,0.452,1.5,3.8,17.8,0.5,5.3,0.25,0.25,0.5,109.9,95
Donta Hall,F,0,17.1,12.9,11.4,12,0.417,18,0.778,0,0,0.778,0.709,6.6,4.6,13.9,0.4,3.5,0.4,1,0.6,130.4,94.7
Tobias Harris,F,0,34.3,23.9,7.6,215,0.805,816,0.517,357,0.367,0.527,0.556,19.6,6.9,11.1,3.2,14.6,0.72,0.56,1.44,112.3,105.9
Udonis Haslem,F,0,11,13.7,7.3,4,0.75,8,0.375,3,0.333,0.409,0.47,3,4,20.3,0.3,3.1,0,0,0.25,96.9,94.9
Gordon Hayward,F,0,33.5,21.1,11.2,145,0.855,478,0.554,222,0.383,0.561,0.595,17.5,6.7,10.7,4.1,18.8,0.73,0.42,1.85,118.1,105.5
Juancho Hernangomez,F,0,12.4,14.3,12.9,25,0.64,50,0.46,60,0.25,0.414,0.442,3.1,2.8,12.6,0.6,6.7,0.15,0.15,0.53,94.4,108
Juancho Hernangomez,F,0,29.4,17,7.6,46,0.609,68,0.485,69,0.42,0.558,0.576,12.9,7.3,13.1,1.3,6.4,1,0.29,0.93,114.6,106
Kevin Hervey,F,0,5.2,22.8,0,0,0,7,0.571,20,0.15,0.315,0.315,1.7,1.2,12.7,0.5,13.9,0.1,0.1,0,78,102.5
Solomon Hill,F,0,18.8,13.3,13.9,38,0.684,86,0.465,146,0.384,0.534,0.551,5.7,3,8.4,2,13.4,0.65,0.15,0.83,109,106.3
Solomon Hill,F,0,17,14.8,17.4,16,0.875,21,0.333,24,0.292,0.389,0.471,4.5,1.9,6.3,0.9,7.3,1.09,0.45,1,90.8,105.4
Jaylen Hoard,F,0,7.9,17.2,9.6,13,0.615,29,0.517,3,0,0.469,0.504,2.9,2.5,16.3,0.3,5.3,0.38,0,0.31,112,104.1
Rondae Hollis-Jefferson,F,0,18.7,17.2,12.9,143,0.734,306,0.497,23,0.13,0.476,0.533,7,4.7,13.4,1.8,13.6,0.77,0.38,0.97,113.7,97.5
Richaun Holmes,F,0,28.2,15.7,11.6,118,0.788,345,0.646,0,0,0.646,0.679,12.3,8.1,16.2,1,5.1,0.93,1.27,1.18,130.6,99.6
Serge Ibaka,F,0,27,24,13.1,124,0.718,488,0.559,182,0.385,0.564,0.583,15.4,8.2,16.1,1.4,8.6,0.51,0.84,1.98,107.6,96.4
Ersan Ilyasova,F,0,15.7,16.1,8.8,87,0.828,176,0.545,137,0.365,0.546,0.589,6.6,4.8,15.1,0.8,6.6,0.37,0.27,0.54,118.7,94.6
Brandon Ingram,F,0,33.9,28.1,13,368,0.851,712,0.501,384,0.391,0.531,0.587,23.8,6.1,9.5,4.2,19.3,0.98,0.6,3.03,111.4,106.8
Jonathan Isaac,F,0,28.8,18.3,11.8,77,0.779,238,0.521,94,0.34,0.518,0.552,11.9,6.8,12.7,1.4,7.4,1.56,2.29,1.44,106.8,101.5
Wes Iwundu,F,0,18.3,13.7,8.9,97,0.804,150,0.46,82,0.341,0.478,0.546,5.8,2.5,7.4,1.2,8.8,0.48,0.25,0.52,112.4,105.1
Justin Jackson,F,0,16.1,15.4,3.7,50,0.84,178,0.489,163,0.294,0.466,0.496,5.5,2.4,7.7,0.8,6.8,0.23,0.15,0.22,107.9,109.1
LeBron James,F,0,34.6,31.5,15.1,381,0.693,878,0.564,425,0.348,0.55,0.577,25.3,7.8,12.3,10.2,49.1,1.16,0.54,3.9,115.4,103.8
Amile Jefferson,F,0,4.1,13.4,13,14,0.357,14,0.357,0,0,0.357,0.372,0.8,1.3,16.6,0.2,7.2,0.06,0.17,0.17,93.9,103.2
Alize Johnson,F,0,6.9,15.1,17.3,10,0.7,21,0.429,8,0.375,0.466,0.509,2,2.9,22.8,0.4,7.7,0.18,0.12,0.41,108.2,97.1
BJ Johnson,F,0,8.3,22.2,14.2,10,0.9,23,0.261,9,0.333,0.328,0.412,3,1.5,9.8,0.3,5.1,0.3,0,0.6,81.3,108.8
Cameron Johnson,F,0,22,15.7,6.9,57,0.807,133,0.526,272,0.39,0.565,0.586,8.8,3.3,8.3,1.2,7.7,0.61,0.35,0.56,116.7,108.2
James Johnson,F,0,15.6,16.9,13.9,14,0.571,42,0.548,45,0.356,0.54,0.547,5.7,2.9,10.3,1.2,11.1,0.33,0.72,0.83,102.6,100
James Johnson,F,0,24.2,21.4,18.8,34,0.676,82,0.573,46,0.37,0.566,0.588,12,4.7,10.3,3.8,24.4,1.29,1.43,2.36,109.1,100.9
Derrick Jones Jr.,F,0,23.3,13.9,6.9,123,0.772,217,0.677,132,0.28,0.58,0.62,8.5,3.9,9.5,1.1,6.7,1,0.63,0.51,125.8,102.5
Michael Kidd-Gilchrist,F,0,13.3,17.6,10.9,9,0.778,36,0.361,17,0.294,0.387,0.421,4,2.9,12,0.8,9.5,0,0.25,0.58,91.5,104.6
Michael Kidd-Gilchrist,F,0,9.3,8.5,37.2,5,0.8,10,0.4,3,0,0.308,0.395,0.9,2.5,13.9,0.3,4,0.15,0.23,0.69,70.1,96.5
Stanton Kidd,F,0,3.8,14.3,40,0,0,2,0,1,0,0,0,0,0.8,10.8,0.3,7.9,0,0,0.5,,
Louis King,F,0,6.2,17.1,8.2,3,0,10,0.4,11,0.364,0.476,0.448,2,1,9.1,0.5,11.8,0.2,0,0.2,93.4,98.5
Maxi Kleber,F,0,25.5,13.9,9.5,93,0.849,195,0.605,319,0.373,0.577,0.605,9.1,5.3,10.8,1.2,6.3,0.34,1.14,0.78,121.8,105.5
Kevin Knox II,F,0,17.9,17.9,9.2,101,0.653,202,0.391,199,0.327,0.44,0.47,6.4,2.8,8.4,0.9,7.4,0.35,0.43,0.69,97.3,107.9
Rodions Kurucs,F,0,14.5,14.7,19.2,38,0.632,87,0.529,90,0.367,0.54,0.555,4.6,2.9,10.4,1.1,10.4,0.53,0.11,0.98,100.5,97.8
Kyle Kuzma,F,0,25,22.8,11,155,0.735,396,0.518,272,0.316,0.5,0.531,12.8,4.5,9.8,1.3,7.6,0.46,0.43,1.49,102.2,102.7
Vic Law,F,0,7.7,15.8,8.8,6,0.333,11,0.455,7,0.143,0.361,0.363,1.9,1.4,9.6,0.4,6.7,0.25,0,0.25,79.1,102.5
Jake Layman,F,0,22,17.7,11.1,32,0.75,107,0.533,72,0.333,0.52,0.544,9.1,2.5,5.9,0.7,4.4,0.74,0.39,1.04,102.2,108.3
TJ Leaf,F,0,7.9,20,7.9,16,0.438,68,0.456,18,0.278,0.448,0.451,3,2.5,17.3,0.3,5.7,0.36,0.14,0.29,97.9,98.3
Kawhi Leonard,F,0,32.4,33,10.2,402,0.886,808,0.506,325,0.378,0.524,0.589,27.1,7.1,11.3,4.9,26.5,1.81,0.58,2.61,117,101.9
Kevon Looney,F,0,13.1,15.9,13.4,12,0.75,65,0.431,14,0.071,0.373,0.403,3.4,3.3,13.7,1,11.1,0.6,0.3,0.65,93,102.5
Kevin Love,F,0,31.8,23.2,14.6,219,0.854,337,0.537,390,0.374,0.55,0.599,17.6,9.8,17.1,3.2,15.4,0.59,0.34,2.52,112.5,110.1
Trey Lyles,F,0,20.2,13.6,9.7,45,0.733,175,0.503,168,0.387,0.541,0.557,6.4,5.7,15.3,1.1,7.2,0.44,0.44,0.62,113.1,107
Caleb Martin,F,0,17.6,15,13.9,21,0.81,47,0.362,37,0.541,0.56,0.595,6.2,2.1,6.6,1.3,11.1,0.67,0.39,0.83,113.2,105.9
Cody Martin,F,0,18.8,13.6,15.7,65,0.646,130,0.546,77,0.234,0.473,0.505,5,3.3,9.6,2,15.8,0.81,0.19,0.92,104.7,105.9
Kelan Martin,F,0,16,17.9,9.3,31,0.968,85,0.541,96,0.26,0.461,0.506,6.4,3.1,10.2,0.7,6.8,0.23,0.29,0.65,100.7,106.1
Luc Mbah a Moute,F,0,8.2,11.6,14.5,2,0.5,3,0.667,2,0,0.4,0.425,1.7,0.7,4.3,0,0,0.67,0,0.33,82.3,114.2
Doug McDermott,F,0,19.9,19.6,6.8,58,0.828,253,0.549,294,0.435,0.605,0.62,10.3,2.5,6.9,1.1,8.4,0.17,0.09,0.61,117.3,105.3
Alfonzo McKinnie,F,0,14.8,15.2,12.3,31,0.71,106,0.557,65,0.215,0.468,0.493,4.6,2.8,10.6,0.4,3.3,0.58,0.2,0.65,98.5,104.8
Khris Middleton,F,0,29.9,26.3,11.5,227,0.916,593,0.546,354,0.415,0.575,0.619,20.9,6.2,10.2,4.3,22.2,0.85,0.11,2.19,118.1,97.8
Paul Millsap,F,0,24.3,20,12.3,141,0.816,314,0.5,124,0.435,0.543,0.591,11.6,5.7,13.2,1.6,9.6,0.86,0.59,1.37,115.8,100.9
Juwan Morgan,F,0,6.4,11,17.8,4,0.75,18,0.667,8,0.375,0.635,0.648,1.7,1.4,11.9,0.3,6.2,0.05,0.1,0.29,121,98.8
Marcus Morris Sr.,F,0,32.3,24.4,9.2,198,0.823,372,0.444,264,0.439,0.533,0.582,19.6,5.4,9,1.4,6.8,0.77,0.4,1.7,113.4,107.5
Marcus Morris Sr.,F,0,28.9,15.8,11.6,22,0.818,90,0.533,84,0.31,0.5,0.523,10.1,4.1,7.4,1.4,6.8,0.68,0.68,1.26,100.8,102.1
Markieff Morris,F,0,22.5,21.8,14.2,79,0.772,200,0.5,189,0.397,0.546,0.573,11,3.9,9.9,1.6,11,0.59,0.23,1.59,104.4,104.7
Markieff Morris,F,0,14.2,16.6,7.6,6,0.833,30,0.5,40,0.325,0.493,0.509,5.3,3.2,12.3,0.6,5.4,0.36,0.43,0.43,108.5,95.6
Johnathan Motley,F,0,3.2,23.5,21.7,7,0.714,14,0.714,1,1,0.767,0.774,2.2,0.8,12.6,0.5,28.7,0.23,0,0.38,,
Abdel Nader,F,0,15.8,17,12.8,66,0.773,135,0.556,128,0.375,0.559,0.591,6.3,1.8,6.4,0.7,6.4,0.42,0.36,0.78,107.4,103.8
Georges Niang,F,0,14,17.2,8.3,24,0.833,97,0.526,225,0.4,0.578,0.589,5.9,1.9,7.6,0.7,6.9,0.27,0.08,0.45,113,105.1
Semi Ojeleye,F,0,14.6,9.7,8.3,32,0.875,69,0.464,127,0.378,0.531,0.562,3.4,2.1,7.7,0.5,4.7,0.3,0.07,0.28,115.8,104.4
Royce O'Neale,F,0,28.9,9.6,13.5,55,0.764,121,0.545,244,0.377,0.559,0.578,6.3,5.5,10.4,2.5,11.6,0.83,0.45,0.86,116.5,101.1
Cedi Osman,F,0,29.4,16.6,12.3,94,0.67,288,0.497,321,0.383,0.538,0.552,11,3.6,6.7,2.4,11.6,0.83,0.25,1.4,107.7,110.3
Tariq Owens,F,0,5.1,16.2,0,2,1,3,0.333,2,0,0.2,0.34,1.3,1,10.8,0,0,0.33,0,0,95.2,107.5
Jabari Parker,F,0,26.2,24,12.4,72,0.736,278,0.601,115,0.27,0.543,0.565,15,6,12.3,1.8,11.5,1.31,0.47,1.88,106.3,105.7
Jabari Parker,F,0,13.4,23.7,9.1,9,0.889,32,0.625,4,0.25,0.597,0.638,8.5,3.8,16.1,1.7,21.3,0.5,0.17,0.67,128.7,106.1
Chandler Parsons,F,0,10.8,16.1,14.3,0,0,4,0.25,14,0.286,0.389,0.389,2.8,1.4,7,0.6,7.4,0.8,0.2,0.6,77.1,111.9
Eric Paschall,F,0,27.6,21.4,11.3,212,0.774,512,0.549,129,0.287,0.525,0.57,14,4.6,9,2.1,12.7,0.53,0.22,1.57,110,110.8
Patrick Patterson,F,0,13.2,14.7,7.7,43,0.814,61,0.459,172,0.39,0.552,0.58,4.9,2.6,10.1,0.7,7.2,0.12,0.05,0.36,118.9,104.9
Norvel Pelle,F,0,9.7,13.4,24.9,14,0.5,47,0.532,1,0,0.521,0.526,2.4,3,17.2,0.3,4.6,0.13,1.25,0.75,93.2,86.1
Michael Porter Jr.,F,0,16.4,22.3,10.6,72,0.833,236,0.564,147,0.422,0.59,0.617,9.3,4.7,16.1,0.8,7.8,0.49,0.45,0.89,117,100.7
Otto Porter Jr.,F,0,23.6,21,6.8,27,0.704,78,0.487,62,0.387,0.529,0.55,11.9,3.4,8,1.8,11.9,1.07,0.43,0.79,112.6,105
Bobby Portis,F,0,21.1,21.4,10.4,93,0.763,402,0.493,187,0.358,0.507,0.53,10.1,5.1,12.9,1.5,11.1,0.5,0.27,1.11,106.6,107.6
Taurean Prince,F,0,29,20.4,14,89,0.798,308,0.429,431,0.339,0.475,0.497,12.1,6,10.6,1.8,9.2,0.89,0.39,1.98,93.5,102.7
Glenn Robinson III,F,0,31.6,16.6,8.7,74,0.851,336,0.524,170,0.4,0.549,0.575,12.9,4.7,8,1.8,8.8,0.94,0.29,1.06,112.4,112.8
Glenn Robinson III,F,0,19.3,15.2,5.2,12,0.917,58,0.603,27,0.333,0.571,0.598,7.7,3.1,9,0.8,5.9,0.71,0.14,0.36,123.1,106.4
Duncan Robinson,F,0,29.7,16,8.8,72,0.931,81,0.654,606,0.446,0.667,0.684,13.5,3.2,6,1.4,7.1,0.48,0.26,0.95,122.2,105.3
Isaiah Roby,F,0,3.8,7.7,50,0,0,1,0,0,0,0,0,0,0.7,9.7,0,0,0,0,0.33,,
Luka Samanic,F,0,16.1,17.6,10.1,4,0.75,8,0.25,8,0.375,0.406,0.45,5.3,3.3,11.1,2,16.2,0,0.67,0.67,98.3,104.4
JaKarr Sampson,F,0,13.8,13.2,10.6,27,0.667,102,0.647,13,0.154,0.6,0.615,4.6,2.6,10.2,0.6,6.1,0.47,0.35,0.44,117.6,96.9
Dario Saric,F,0,24.7,17.8,12.9,128,0.844,303,0.568,235,0.357,0.554,0.592,10.7,6.2,13.8,1.9,10.8,0.56,0.24,1.33,113.9,103.9
Mike Scott,F,0,17.8,14,6.6,37,0.811,133,0.519,217,0.369,0.54,0.557,6,3.7,11.4,0.8,6.4,0.32,0.07,0.38,116.2,105.2
Pascal Siakam,F,0,35.2,28.1,10.7,303,0.792,739,0.499,365,0.359,0.512,0.554,22.9,7.3,11,3.5,16.4,1.02,0.88,2.47,107.1,99.9
Chris Silva,F,0,7.9,17.2,24.4,55,0.673,75,0.64,3,0,0.615,0.651,3,2.9,20.3,0.5,9.9,0.18,0.48,0.75,119.6,85.1
Ben Simmons,F,0,35.4,20.9,20.4,298,0.621,641,0.582,7,0.286,0.58,0.601,16.4,7.8,12.2,8,33.8,2.11,0.58,3.51,115.2,100.7
Alen Smailagic,F,0,9.9,18.3,18.5,19,0.842,27,0.63,13,0.231,0.538,0.61,4.2,1.9,10.5,0.9,14.3,0.21,0.29,0.79,112.3,107.7
Omari Spellman,F,0,18.1,18.7,13.6,92,0.793,185,0.454,110,0.391,0.503,0.551,7.6,4.4,13.3,1,8.1,0.67,0.49,1.08,106.9,109
Caleb Swanigan,F,0,3.3,20.7,55.1,2,0.5,4,0.5,0,0,0.5,0.512,0.7,1,17.3,0.3,11.6,0.14,0.29,0.86,,
Caleb Swanigan,F,0,13.3,12.9,38.5,15,0.533,41,0.634,2,0,0.605,0.605,3,4.7,18.4,1.5,14.1,0.1,0.25,1.55,98.2,94.3
Daniel Theis,F,0,24.1,14.4,10.2,114,0.763,330,0.633,96,0.333,0.603,0.631,9.2,6.5,14.5,1.7,10.1,0.57,1.29,0.83,129.3,95.5
Lance Thomas,F,0,14,13.2,19.5,4,1,10,0.4,13,0.308,0.435,0.485,3.4,1.9,6.9,0.9,8.2,0,0,0.86,90.4,103.5
Anthony Tolliver,F,0,16.8,11.2,14.3,19,0.684,28,0.464,89,0.337,0.496,0.515,3.9,3.3,10.4,0.9,6.6,0.24,0.27,0.64,105.7,109
Anthony Tolliver,F,0,9.1,11.6,18.3,2,0.5,2,0.5,15,0.133,0.235,0.252,1,1.2,7.6,0.3,4.6,0.44,0.11,0.44,57,107.8
Anthony Tolliver,F,0,18.2,10.7,14.9,8,0.875,7,0.286,41,0.415,0.573,0.602,4.8,2.5,7.4,0.8,5.3,0.54,0.08,0.69,109.4,109.4
Juan Toscano-Anderson,F,0,20.9,12.7,19.7,5,0.6,40,0.525,23,0.348,0.524,0.529,5.3,4,10.4,2,13.8,1,0.38,1.23,98.5,104.2
P.J. Tucker,F,0,34.3,8.7,13.9,48,0.813,127,0.551,299,0.358,0.541,0.559,6.9,6.6,10.1,1.6,6,1.08,0.53,1,113.5,104.3
Jarrod Uthoff,F,0,3.5,23.8,0,2,1,3,0.333,4,0,0.143,0.254,1,0.3,3.8,0,0,0.25,0,0,,
Jarrod Uthoff,F,0,13.1,11.6,0,0,0,6,0.5,5,0.6,0.682,0.682,5,1.7,6.9,0,0,0,0,0,134.4,119.7
Jarred Vanderbilt,F,0,4.6,14.7,50,0,0,7,0.714,0,0,0.714,0.714,1.1,0.9,10.8,0.2,6.5,0.33,0.11,0.78,76.3,96.9
Jarred Vanderbilt,F,0,2.6,15.2,0,2,1,0,0,1,0,0,0.532,1,0.5,10.3,0,0,0,0,0,,
Noah Vonleh,F,0,12,13.8,15.5,28,0.821,72,0.625,14,0.143,0.558,0.605,4.1,4,17.6,0.9,10.8,0.38,0.21,0.62,120.1,103.4
Noah Vonleh,F,0,4.3,14,20.5,4,0.5,5,0.8,1,1,0.917,0.838,1.9,1.1,14.8,0.3,9.4,0,0,0.29,135.1,101.7
T.J. Warren,F,0,32.9,23.4,7.3,204,0.819,771,0.575,226,0.403,0.581,0.61,19.8,4.2,6.9,1.5,7.1,1.16,0.51,1.28,115.9,104.1
P.J. Washington,F,0,30.3,18.6,12.5,135,0.652,359,0.507,230,0.374,0.528,0.548,12.2,5.4,9.8,2.1,11.3,0.9,0.78,1.6,104.9,105.9
Andrew Wiggins,F,0,34.7,27.9,10.7,207,0.72,515,0.505,275,0.331,0.502,0.535,22.4,5.2,7.9,3.7,18.1,0.69,0.86,2.52,104.6,110.6
Andrew Wiggins,F,0,33.6,25.4,10.4,61,0.672,129,0.512,59,0.339,0.511,0.542,19.4,4.6,7.4,3.6,18.2,1.33,1.33,2.08,106.2,111.4
Grant Williams,F,0,15.1,11.6,17.6,54,0.722,115,0.548,96,0.25,0.469,0.505,3.4,2.6,9.1,1,8.4,0.43,0.52,0.72,102.9,95.4
Johnathan Williams,F,0,12,10.3,11.2,13,0.538,32,0.594,2,0,0.559,0.566,3,4.3,19.4,0.5,5.9,0.07,0.53,0.33,125.3,109.1
Marvin Williams,F,0,19.7,14,9.7,50,0.86,93,0.538,117,0.376,0.552,0.593,6.7,2.7,7.5,1,7.8,0.61,0.56,0.61,115.6,106.9
Marvin Williams,F,0,18.9,8.7,11.8,7,0.857,18,0.722,39,0.308,0.544,0.566,4,4.4,11.4,1.1,7.2,0.59,0.47,0.47,118.3,95.2
Zion Williamson,F,0,27.8,30.5,11.9,178,0.64,346,0.59,14,0.429,0.592,0.616,22.5,6.3,11.9,2.1,13.2,0.67,0.38,2.46,114.6,110.2
Christian Wood,F,0,21.4,23,12,243,0.745,368,0.636,140,0.386,0.62,0.659,13.1,6.3,16.7,1,7.6,0.55,0.89,1.35,122.6,106.3
Thaddeus Young,F,0,24.9,19.7,13.9,72,0.583,379,0.501,223,0.354,0.512,0.52,10.3,4.9,10.9,1.8,11.3,1.44,0.36,1.59,100.7,104.4
LaMarcus Aldridge,F-C,0,33.1,23.4,7.8,191,0.827,637,0.518,157,0.389,0.531,0.57,18.9,7.4,12,2.4,11.4,0.68,1.64,1.4,114.7,109.1
Kyle Alexander,F-C,0,6.7,9.9,33.3,0,0,2,0.5,0,0,0.5,0.5,1,1.5,12.5,0,0,0,0,0.5,96,108.8
Chris Boucher,F-C,0,13.2,19.8,7.4,116,0.784,181,0.569,118,0.322,0.535,0.587,6.6,4.5,17.9,0.4,4.8,0.37,1,0.45,123.1,92.4
Nicolas Claxton,F-C,0,12.5,14.8,13.6,21,0.524,41,0.634,7,0.143,0.573,0.577,4.4,2.9,12.2,1.1,12.5,0.07,0.53,0.6,117.4,106.5
Zach Collins,F-C,0,26.4,12.5,16.4,8,0.75,49,0.51,19,0.368,0.522,0.538,7,6.3,12.5,1.5,7.2,0.45,0.45,1.27,109.8,105.8
Anthony Davis,F-C,0,34.4,29.3,10.4,525,0.846,878,0.546,218,0.33,0.536,0.61,26.1,9.3,14.8,3.2,15.1,1.47,2.31,2.48,120.3,100.6
Cheick Diallo,F-C,0,10.2,17,16.7,39,0.872,139,0.655,3,0.333,0.651,0.688,4.7,2.8,15.2,0.5,6.9,0.23,0.26,0.68,119,101.2
Henry Ellenson,F-C,0,3,19.4,0,0,0,3,0.333,4,0,0.143,0.143,0.4,1.2,20.6,0.2,8.7,0,0,0,,
Drew Eubanks,F-C,0,12.4,15.8,21.1,26,0.769,66,0.636,1,1,0.649,0.682,4.9,3.9,16.8,0.7,7.7,0.23,0.77,0.95,119.5,101.3
Cristiano Felicio,F-C,0,17.5,9.1,21.9,23,0.783,52,0.654,2,0,0.63,0.671,3.9,4.6,14.6,0.7,5.7,0.45,0.09,0.82,128.5,106.4
Bruno Fernando,F-C,0,12.7,15.3,15.9,51,0.569,162,0.605,37,0.135,0.53,0.542,4.3,3.5,15,0.9,9.9,0.32,0.3,0.75,107,102.4
Daniel Gafford,F-C,0,14.2,13.3,15.3,60,0.533,134,0.701,0,0,0.701,0.686,5.1,2.5,9.6,0.5,5.2,0.3,1.3,0.67,123.7,99.2
Harry Giles III,F-C,0,14.5,20.6,13.9,49,0.776,249,0.558,2,0,0.554,0.58,6.9,4.1,15.9,1.3,14.2,0.48,0.39,0.96,111.1,94
JaMychal Green,F-C,0,20.7,13.7,12.6,48,0.75,114,0.518,238,0.387,0.56,0.576,6.8,6.2,15.4,0.8,5,0.46,0.38,0.86,111.6,94.9
Montrezl Harrell,F-C,0,27.8,25.7,10,351,0.658,795,0.592,18,0,0.579,0.606,18.6,7.1,13.2,1.7,10.4,0.63,1.11,1.71,118.5,102.2
John Henson,F-C,0,14.2,16.2,13.5,33,0.515,89,0.618,31,0.194,0.533,0.539,5,3.9,15.4,1.5,15.3,0.55,1.1,0.72,111.5,101.5
John Henson,F-C,0,17.1,16.6,20.9,13,0.462,46,0.696,5,0.4,0.686,0.67,6.9,4.4,14.5,1,9.2,0.73,0.91,1.36,111.5,101
Jaren Jackson Jr.,F-C,0,28.5,24,10.6,186,0.747,385,0.54,368,0.394,0.565,0.593,17.4,4.6,8.5,1.4,7.2,0.68,1.61,1.74,109.3,100.2
Mfiondu Kabengele,F-C,0,5.4,23.5,5.5,5,1,12,0.417,20,0.45,0.578,0.614,3.5,0.9,8.9,0.2,4.8,0.17,0.17,0.17,118.7,96
Frank Kaminsky,F-C,0,19.9,21,9.6,90,0.678,183,0.53,124,0.331,0.516,0.545,9.7,4.5,12.6,1.9,14.3,0.38,0.26,0.95,109.5,104.2
Skal Labissiere,F-C,0,17.2,14.3,15.7,33,0.758,134,0.582,13,0.231,0.561,0.588,5.8,5.1,15.6,1.3,10.1,0.21,0.94,0.91,120,101.4
Thon Maker,F-C,0,12.9,16.1,15.7,110,0.664,129,0.55,64,0.344,0.539,0.582,4.7,2.8,12.2,0.7,8,0.42,0.65,0.75,111.3,101.6
Lauri Markkanen,F-C,0,29.8,21.1,11,153,0.824,274,0.518,317,0.344,0.517,0.56,14.7,6.3,11.6,1.5,7.6,0.84,0.48,1.62,107.9,107.5
Jalen McDaniels,F-C,0,18.3,13.4,13.4,17,0.824,46,0.522,24,0.375,0.536,0.574,5.6,4.1,12.1,0.8,6.7,0.5,0.19,0.75,110.9,101.7
Chimezie Metu,F-C,0,5.9,23.7,17.3,13,0.769,40,0.6,2,0,0.571,0.608,3.2,1.8,16.9,0.6,14.8,0.17,0.33,0.56,113,108.4
Mike Muscala,F-C,0,12.2,16.6,7.9,22,0.818,46,0.5,143,0.378,0.55,0.569,4.8,2.3,10.4,0.9,10.1,0.19,0.26,0.36,114,101.5
Larry Nance Jr.,F-C,0,26.3,15.2,11.5,74,0.676,272,0.636,159,0.352,0.596,0.608,10.1,7.3,15.4,2.2,12.3,0.98,0.39,1.07,121.9,109.4
Joakim Noah,F-C,0,10,14.6,34.2,8,0.75,8,0.5,0,0,0.5,0.608,2.8,3.2,16.5,1.4,17.9,0.2,0.2,1.2,106,90.6
Mason Plumlee,F-C,0,17.3,18,18.5,155,0.535,283,0.625,5,0,0.615,0.613,7.2,5.2,16.7,2.5,20.9,0.52,0.61,1.33,117.4,98.1
Kristaps Porzingis,F-C,0,31.8,27,8,283,0.799,529,0.484,403,0.352,0.503,0.551,20.4,9.5,15.6,1.8,8.8,0.72,2.02,1.61,110.7,101.4
Dwight Powell,F-C,0,26.5,12.7,11.8,111,0.667,190,0.716,39,0.256,0.659,0.677,9.4,5.7,11.3,1.5,7.7,0.88,0.53,0.93,132.3,104.1
Domantas Sabonis,F-C,0,34.8,23.3,14.9,296,0.723,780,0.565,67,0.254,0.551,0.587,18.5,12.4,19.6,5,21.7,0.73,0.48,2.76,115,99.1
Dean Wade,F-C,0,6,9.8,18.2,1,0,9,0.778,4,0.5,0.769,0.744,1.7,1.6,14.8,0.2,4,0.17,0.33,0.25,121.8,104
Moritz Wagner,F-C,0,18.6,18.6,17.7,95,0.821,186,0.645,80,0.313,0.592,0.638,8.7,4.9,14.3,1.2,9.7,0.62,0.42,1.47,113.7,98.4
D.J. Wilson,F-C,0,9.8,18.1,12,18,0.611,59,0.576,73,0.247,0.462,0.475,3.6,2.5,12.5,0.7,9.1,0.08,0.14,0.51,94.1,96.7
Tyler Zeller,F-C,0,2,44.3,0,0,0,4,0.25,0,0,0.25,0.25,1,2,55.3,0,0,0,0,0,,
Justin Anderson,F-G,0,10.7,17.1,9.1,4,0.5,9,0.444,29,0.207,0.342,0.352,2.8,2.1,10.1,0.8,10.1,0,0.6,0.4,77.7,100.4
Kyle Anderson,F-G,0,19.8,13.5,15.3,78,0.667,246,0.541,85,0.282,0.511,0.534,5.8,4.3,11.3,2.4,15.9,0.78,0.55,0.99,108.9,104.6
RJ Barrett,F-G,0,30.4,24,12.9,254,0.614,530,0.432,197,0.32,0.445,0.479,14.3,5,8.8,2.6,12.8,0.95,0.3,2.21,94.9,109.3
Darius Bazley,F-G,0,18.5,15.2,11.6,62,0.694,176,0.432,141,0.348,0.472,0.497,5.6,4,12,0.7,5.1,0.38,0.67,0.74,96.2,105.9
Brian Bowen II,F-G,0,5.2,15.5,9.1,0,0,8,0.375,2,0,0.3,0.3,1,1.2,12.3,0,0,0,0.17,0.17,62,101.9
Oshae Brissett,F-G,0,7.1,15,14.8,10,0.8,21,0.476,15,0.2,0.403,0.458,1.9,1.4,10.2,0.4,7,0.21,0.05,0.37,95.7,95.8
Jaylen Brown,F-G,0,33.9,24.7,11.2,243,0.724,549,0.543,338,0.382,0.554,0.583,20.3,6.4,10.1,2.1,9.7,1.16,0.35,2.19,110.2,101.6
Brandon Clarke,F-G,0,22.4,18.6,9.5,112,0.759,413,0.661,64,0.359,0.645,0.665,12.1,5.9,13.9,1.4,9.5,0.57,0.83,0.95,126.6,105.5
Rudy Gay,F-G,0,21.8,22,11.8,136,0.882,376,0.511,220,0.336,0.508,0.553,10.8,5.4,13.4,1.7,11.3,0.52,0.49,1.31,106.7,108.2
Maurice Harkless,F-G,0,22.8,10.3,16.3,42,0.571,144,0.59,73,0.37,0.578,0.584,5.5,4,9.1,1,5.5,0.96,0.6,0.92,108.8,99.6
Maurice Harkless,F-G,0,23.8,12.4,8.4,24,0.625,41,0.561,25,0.28,0.508,0.536,6.8,3.3,7.5,1.7,9.7,0.75,0.25,0.58,113.5,107
Mario Hezonja,F-G,0,16.4,13.9,14.7,59,0.814,140,0.486,78,0.308,0.477,0.525,4.8,3.5,11.1,0.9,7.5,0.68,0.17,0.79,103.3,103.8
Justin Holiday,F-G,0,25,13.4,7.7,67,0.791,154,0.481,331,0.405,0.567,0.586,8.3,3.3,7.1,1.3,6.7,1.19,0.63,0.59,113.8,103.9
Danuel House Jr.,F-G,0,30.4,13.7,8.5,90,0.811,184,0.549,355,0.363,0.546,0.572,10.5,4.2,7.3,1.3,6.1,1.06,0.54,0.86,114.1,107.6
William Howard,F-G,0,6.7,15.6,20,0,0,0,0,4,0,0,0,0,1,7.9,0.5,8.9,0,0,0.5,13.8,107.8
De'Andre Hunter,F-G,0,32,17.5,12.1,144,0.764,379,0.454,304,0.355,0.489,0.521,12.3,4.5,7.6,1.8,7.9,0.7,0.29,1.63,99.6,110.9
Chandler Hutchison,F-G,0,18.8,19.1,11.4,78,0.59,137,0.496,38,0.316,0.491,0.521,7.8,3.9,11.3,0.9,7.4,0.96,0.25,0.96,101.2,103.3
Joe Ingles,F-G,0,29.7,15,19.2,94,0.787,200,0.525,353,0.399,0.572,0.595,9.8,3.9,7.2,5.2,24.3,0.9,0.15,1.96,115.2,105.5
Keldon Johnson,F-G,0,17.7,17.4,10.7,44,0.795,67,0.597,22,0.591,0.669,0.711,9.1,3.4,10.2,0.9,7.2,0.82,0.12,0.76,130.9,105.5
Stanley Johnson,F-G,0,6,23.1,18.5,16,0.563,35,0.429,24,0.292,0.432,0.454,2.4,1.5,13,0.8,19.4,0.24,0.16,0.6,89.7,95.6
Nassir Little,F-G,0,11.9,13.7,8.1,44,0.636,92,0.554,59,0.237,0.477,0.505,3.6,2.3,9.9,0.5,5,0.27,0.31,0.31,108,105.8
Elie Okobo,F-G,0,13.1,14.8,15.2,71,0.704,110,0.427,71,0.352,0.467,0.516,4,1.6,7,2.1,21.2,0.45,0.07,0.69,108.5,107.4
KZ Okpala,F-G,0,5.2,11.6,14.5,2,0.5,4,0.75,1,0,0.6,0.595,1.4,1,10.7,0.2,5.5,0.4,0.2,0.2,110,101.3
Kelly Oubre Jr.,F-G,0,34.5,22.4,8.2,246,0.78,519,0.511,307,0.352,0.517,0.56,18.7,6.5,10.4,1.5,6.6,1.25,0.71,1.48,108.8,103.5
Cam Reddish,F-G,0,26.7,18.9,13.5,126,0.802,304,0.428,250,0.332,0.459,0.5,10.5,3.7,7.5,1.5,8,1.07,0.48,1.64,95,110.5
Thabo Sefolosha,F-G,0,10.6,10.4,13.7,8,0.375,37,0.595,54,0.278,0.489,0.487,2.2,2.3,11.2,0.6,7.6,0.59,0.29,0.37,102.7,101.9
Jayson Tatum,F-G,0,34.3,28.6,10.1,313,0.812,758,0.479,469,0.403,0.527,0.567,23.4,7,10.9,3,14.5,1.42,0.86,2.33,110.5,103.5
Nickeil Alexander-Walker,G,1,12.6,23.3,16.1,37,0.676,133,0.391,133,0.346,0.455,0.473,5.7,1.8,7.5,1.9,21.1,0.36,0.17,1.15,93.2,106.4
Grayson Allen,G,1,18.9,17.6,10.9,45,0.867,110,0.545,141,0.404,0.58,0.609,8.7,2.2,6.2,1.4,10,0.32,0.05,0.87,113.6,108.9
Kadeem Allen,G,1,11.7,20.6,14.1,11,0.636,28,0.5,16,0.313,0.489,0.512,5,0.9,4.1,2.1,27,0.5,0.2,0.8,106,111.9
Ryan Arcidiacono,G,1,16,12.5,13.5,38,0.711,82,0.439,138,0.391,0.532,0.551,4.5,1.9,6.5,1.7,14.3,0.47,0.05,0.64,111.4,105.3
D.J. Augustin,G,1,24.9,19.1,13.7,181,0.89,260,0.438,201,0.348,0.475,0.554,10.5,2.1,4.6,4.6,26.8,0.58,0.02,1.51,113.9,110
Lonzo Ball,G,1,32.1,18.4,21,76,0.566,292,0.442,395,0.375,0.511,0.517,11.8,6.1,10,6.9,28.9,1.41,0.59,3.05,103.1,108.2
J.J. Barea,G,1,15.5,24.2,14.9,22,0.909,122,0.434,85,0.376,0.488,0.512,7.7,1.8,6.2,3.9,37.1,0.17,0.07,1.31,108.6,110.7
Will Barton,G,1,33,20.1,9.9,135,0.77,450,0.498,288,0.375,0.523,0.549,15.1,6.3,10.7,3.7,16,1.07,0.5,1.52,112.2,107.8
Bradley Beal,G,1,36,34.4,11.5,458,0.843,822,0.515,481,0.353,0.52,0.579,30.6,4.2,6.4,6.1,29.5,1.26,0.4,3.42,112.6,114
Malik Beasley,G,1,18.2,20.6,10.2,38,0.868,140,0.421,161,0.36,0.485,0.511,7.9,1.9,5.8,1.2,9.1,0.76,0.15,0.88,99.7,108.6
Malik Beasley,G,1,33.1,23.8,8.2,28,0.75,118,0.517,115,0.426,0.577,0.591,20.7,5.1,8.1,1.9,9.8,0.64,0.14,1.57,110.9,111.4
Marco Belinelli,G,1,15.5,17.5,5.3,58,0.828,136,0.412,178,0.376,0.498,0.532,6.3,1.7,6,1.2,10.7,0.21,0.02,0.33,109.6,113.5
Patrick Beverley,G,1,26.3,13.3,15.4,47,0.66,135,0.496,206,0.388,0.548,0.56,7.9,5.2,10.3,3.6,18.2,1.06,0.49,1.29,115.1,97.9
Eric Bledsoe,G,1,27,23.7,15.6,214,0.79,490,0.531,215,0.344,0.526,0.57,14.9,4.7,8.6,5.4,28.7,0.92,0.43,2.43,111.4,98.2
Bogdan Bogdanovic,G,1,28.9,22.5,11,116,0.741,325,0.532,441,0.372,0.547,0.565,15.1,3.4,6.6,3.4,18,1.07,0.25,1.66,109.9,108.7
Jordan Bone,G,1,5.3,18.1,9.1,0,0,10,0.3,10,0.2,0.3,0.3,1.2,0.4,4.3,0.8,21,0.1,0,0.2,76.4,106.4
Isaac Bonga,G,1,18.9,10.9,17.4,85,0.812,163,0.571,71,0.352,0.558,0.608,5,3.4,9.7,1.2,7.9,0.68,0.33,0.86,115.8,106.3
Devin Booker,G,1,35.9,30,14.9,509,0.919,885,0.549,398,0.354,0.544,0.618,26.6,4.2,6.5,6.5,30,0.69,0.26,3.77,115.3,107.3
Ky Bowman,G,1,22.6,17.2,17.1,41,0.829,214,0.472,107,0.308,0.469,0.494,7.4,2.7,6.4,2.9,19.4,1,0.22,1.56,96,107.2
Avery Bradley,G,1,24.2,15.7,10.7,24,0.833,210,0.51,173,0.364,0.526,0.537,8.6,2.3,5.3,1.3,7.2,0.88,0.1,0.96,103.2,102.3
Malcolm Brogdon,G,1,30.9,25.2,13.7,186,0.892,515,0.487,230,0.326,0.488,0.54,16.5,4.9,8.6,7.1,33.8,0.65,0.19,2.43,110.4,106.9
Charles Brown Jr.,G,1,4.1,24.8,12.4,5,1,10,0.3,9,0.333,0.395,0.472,2,0.4,5.3,0.2,7.2,0.2,0.2,0.3,93.3,113
Jalen Brunson,G,1,17.9,20.3,13.6,75,0.813,268,0.515,120,0.358,0.522,0.553,8.2,2.4,6.9,3.3,27,0.39,0.07,1.16,113.6,108.3
Trey Burke,G,1,13.1,19.2,8.2,18,0.722,89,0.483,38,0.421,0.528,0.545,5.9,1.4,5.7,2.1,24,0.28,0.04,0.48,118.1,108.9
Trey Burke,G,1,23.9,21.4,9.4,11,0.909,45,0.422,37,0.432,0.524,0.553,12,1.9,4.1,3.8,23.2,1.13,0.13,1.13,114.6,108.8
Alec Burks,G,1,29,23.8,9.8,224,0.897,377,0.424,224,0.375,0.476,0.552,16.1,4.7,8.8,3.1,17.4,1.02,0.33,1.58,110.7,109.2
Alec Burks,G,1,20.2,23.6,7.5,41,0.829,90,0.5,77,0.416,0.557,0.594,12.2,3.1,8.5,2.1,16.3,0.67,0,0.83,119.5,107.3
Kentavious Caldwell-Pope,G,1,25.5,14.7,10.1,102,0.775,268,0.541,239,0.385,0.558,0.584,9.3,2.1,4.4,1.6,8.5,0.84,0.2,0.9,114.4,105.2
Jevon Carter,G,1,16.3,12.9,10.8,27,0.852,97,0.402,146,0.425,0.543,0.563,4.9,2,6.9,1.4,11.9,0.78,0.29,0.53,113.7,105.1
Michael Carter-Williams,G,1,18.5,18.3,14.7,95,0.832,185,0.481,75,0.293,0.469,0.535,7.2,3.3,9.5,2.4,19.1,1.09,0.49,1.16,109.3,100.5
Alex Caruso,G,1,18.4,13.8,13.8,94,0.734,171,0.468,120,0.333,0.481,0.525,5.5,1.9,5.7,2,13.7,1.09,0.28,0.83,107,101.6
Joe Chealey,G,1,8.4,13,20.2,2,1,3,0,4,0,0,0.127,0.5,0,0,0.3,3.9,1,0,0.5,29.7,108.5
Chris Chiozza,G,1,12.3,14.6,20.9,0,0,18,0.167,16,0.438,0.397,0.397,2.7,1.5,6.7,2.8,29.3,1,0.2,0.9,91,106.5
Chris Chiozza,G,1,15.5,19.7,17.5,5,1,50,0.5,56,0.357,0.519,0.531,6.4,2.1,7.1,3.1,29.5,0.61,0.11,1.28,106.5,103.8
Jordan Clarkson,G,1,23,25.9,9.7,86,0.884,167,0.509,159,0.371,0.532,0.581,14.6,2.4,5.8,2.4,17.1,0.59,0.28,1.34,116,114.9
Jordan Clarkson,G,1,24.7,26.7,9.1,79,0.785,288,0.545,254,0.366,0.547,0.568,15.6,2.8,6.3,1.6,10.8,0.69,0.19,1.38,108.3,106.4
Chris Clemons,G,1,8.8,23.6,11.5,11,0.909,35,0.571,107,0.346,0.532,0.548,4.9,0.9,5.4,0.8,14.3,0.24,0.15,0.58,104.4,106.5
Antonius Cleveland,G,1,4.2,17,11,5,0.6,11,0.364,3,0,0.286,0.34,1,0.6,8,0.1,2.8,0.09,0.27,0.18,74.1,97.2
Mike Conley,G,1,29,23.1,12.8,139,0.827,311,0.437,256,0.375,0.494,0.537,14.4,3.2,6.1,4.4,23.1,0.79,0.11,1.96,109.2,106
Pat Connaughton,G,1,18.6,12.3,13.8,40,0.775,135,0.607,166,0.331,0.547,0.565,5.4,4.2,11.2,1.6,10.9,0.36,0.48,0.76,113.4,100.5
Quinn Cook,G,1,11.5,21.1,13,14,0.786,130,0.462,85,0.365,0.495,0.506,5.1,1.2,5.6,1.1,13.8,0.27,0.05,0.75,98.4,107.3
Jamal Crawford,G,1,6,27.9,0,0,0,2,0.5,2,0.5,0.625,0.625,5,0,0,3,100.3,0,0,0,155,100.9
Seth Curry,G,1,24.6,18.4,9.1,97,0.825,253,0.549,321,0.452,0.621,0.643,12.4,2.3,4.8,1.9,11.6,0.59,0.14,0.97,122.9,109.2
Stephen Curry,G,1,27.9,33.6,14.6,26,1,33,0.636,49,0.245,0.476,0.557,20.8,5.2,10.1,6.6,42.2,1,0.4,3.2,109.4,108.3
Troy Daniels,G,1,11.1,16.1,5.2,16,0.625,46,0.478,112,0.357,0.519,0.527,4.2,1.1,5.5,0.3,4.1,0.2,0.07,0.22,107.6,106.5
Terence Davis,G,1,16.8,19,14.1,59,0.864,194,0.541,242,0.388,0.564,0.588,7.5,3.3,10.3,1.6,14.2,0.54,0.19,1.06,110.4,98.1
Matthew Dellavedova,G,1,14.4,13,23.6,37,0.865,84,0.488,91,0.231,0.414,0.463,3.1,1.3,5.1,3.2,29,0.37,0.04,1.04,103.2,110
Hamidou Diallo,G,1,19.5,18.4,13.6,63,0.603,239,0.485,57,0.281,0.473,0.491,6.9,3.6,10.3,0.8,5.9,0.8,0.2,1.11,94.3,99.5
Spencer Dinwiddie,G,1,31.2,29.2,12.5,446,0.778,620,0.485,400,0.308,0.476,0.542,20.6,3.5,5.7,6.8,35,0.63,0.33,2.72,111,105.1
Donte DiVincenzo,G,1,23,17.3,14.1,86,0.733,263,0.567,247,0.336,0.536,0.557,9.2,4.8,10.3,2.3,13.6,1.33,0.32,1.36,108.1,96.6
Luguentz Dort,G,1,22.8,14.2,8.3,53,0.792,118,0.475,101,0.297,0.461,0.503,6.8,2.3,5.5,0.8,4.6,0.89,0.11,0.61,102.4,100.9
Damyean Dotson,G,1,17.4,16.5,6.5,33,0.667,127,0.48,163,0.362,0.516,0.527,6.7,1.9,5.8,1.2,10,0.48,0.08,0.44,109.6,112.8
Goran Dragic,G,1,28.2,25.9,14.8,246,0.776,386,0.505,338,0.367,0.526,0.573,16.2,3.2,6.3,5.1,29.2,0.68,0.17,2.46,110.3,106.6
Kris Dunn,G,1,24.9,14.6,15.7,54,0.741,230,0.535,112,0.259,0.487,0.51,7.3,3.7,8.1,3.4,19.5,1.96,0.35,1.33,104.4,98.8
Carsen Edwards,G,1,9.5,18.4,9.9,19,0.684,52,0.346,76,0.316,0.422,0.444,3.3,1.3,7.2,0.6,9.3,0.32,0.11,0.41,92.3,101.6
Wayne Ellington,G,1,15.5,15,9.1,13,0.846,31,0.355,143,0.35,0.494,0.509,5.1,1.8,6.2,1.2,11,0.36,0.11,0.5,105.6,110.3
Dante Exum,G,1,7.6,17.8,29.5,2,1,17,0.471,6,0.333,0.478,0.503,2.2,1.1,7.9,0.6,11.8,0.09,0.18,0.91,83,104.2
Dante Exum,G,1,16.8,14.4,15.6,41,0.732,59,0.559,37,0.351,0.547,0.592,5.6,2.3,7.7,1.4,11.4,0.46,0.25,0.88,112.6,110.9
Terrance Ferguson,G,1,22.5,9.1,11.9,20,0.75,52,0.558,168,0.292,0.466,0.481,3.9,1.3,3.3,0.9,5.3,0.46,0.3,0.55,97.1,102.3
Yogi Ferrell,G,1,10.6,19.2,11.9,42,0.857,109,0.505,79,0.304,0.484,0.528,4.4,1,5.2,1.4,18.8,0.36,0.08,0.56,107.3,109.9
Bryn Forbes,G,1,25.1,18.5,8.4,90,0.833,200,0.47,381,0.388,0.544,0.57,11.2,2,4.3,1.7,9.5,0.52,0,0.9,109.5,111.6
De'Aaron Fox,G,1,32,29.8,14.1,342,0.705,630,0.535,185,0.292,0.513,0.558,21.1,3.8,6.7,6.8,35.2,1.45,0.49,3.12,110.4,106.7
Michael Frazier,G,1,11.1,11.5,12.5,14,0.643,6,0.5,23,0.174,0.31,0.384,2.1,0.8,3.6,0.2,1.7,0.15,0,0.38,75.4,101.7
Tim Frazier,G,1,13.1,17.3,25.6,24,0.792,64,0.375,30,0.333,0.415,0.464,3.6,1.2,5.3,3.4,36.6,0.52,0.11,1.33,99.6,104.8
Markelle Fultz,G,1,27.7,21.4,14.9,159,0.73,637,0.507,135,0.267,0.488,0.517,12.1,3.3,6.4,5.1,29,1.25,0.17,2.04,104.2,105.6
Langston Galloway,G,1,25.8,15.9,6.5,84,0.857,211,0.493,331,0.399,0.557,0.584,10.2,2.2,4.9,1.5,8.8,0.73,0.15,0.61,117.7,112.3
Darius Garland,G,1,30.9,20.6,17.1,72,0.875,402,0.435,296,0.355,0.476,0.499,12.3,1.9,3.3,3.9,18.5,0.69,0.07,2.54,96.3,115.7
Brandon Goodwin,G,1,12.7,22.4,12.5,30,0.933,103,0.485,87,0.299,0.468,0.507,6.1,2.1,9,1.5,18,0.35,0.12,0.85,100.8,108.9
Eric Gordon,G,1,28.2,22.5,7.8,107,0.766,160,0.469,303,0.317,0.473,0.51,14.4,2,3.7,1.5,7.9,0.64,0.33,1.19,101,109.7
Devonte' Graham,G,1,35.1,24.8,14.5,233,0.82,378,0.397,585,0.373,0.495,0.537,18.2,3.3,5.2,7.5,35.4,0.98,0.24,2.87,109.6,112.4
Jerian Grant,G,1,13.4,17.1,9.1,7,0.714,19,0.421,8,0.25,0.407,0.449,4.5,1,4.1,1.5,15.2,0.17,0.17,0.5,98.7,108.4
Josh Gray,G,1,11.4,12.6,71.4,0,0,2,0.5,0,0,0.5,0.5,1,1,4.7,1,10.5,0,0,2.5,47,115.8
Danny Green,G,1,24.8,13.9,11.3,48,0.688,147,0.524,327,0.367,0.542,0.552,8,3.3,7.3,1.3,7.1,1.24,0.46,0.93,107.8,102.1
Marko Guduric,G,1,11,17.6,17.6,26,0.923,74,0.5,83,0.301,0.475,0.514,3.9,1.7,7.9,1,12.3,0.27,0.18,0.82,96.3,108.4
Kyle Guy,G,1,3.2,22.6,0,0,0,2,1,3,0,0.4,0.4,1.3,0.3,5.9,0.3,16.4,0,0,0,,
Devon Hall,G,1,7.3,21,13,8,0.5,13,0.154,17,0.235,0.267,0.298,1.8,0.6,4.8,1.2,21.4,0.36,0.09,0.45,74.2,105.2
Dusty Hannahs,G,1,6.7,30.7,0,2,1,6,0.333,3,0.667,0.556,0.607,6,0.5,3.9,0,0,0,0,0,120.1,110.8
Tim Hardaway Jr.,G,1,29.5,21.1,6.7,182,0.819,371,0.485,513,0.398,0.55,0.581,15.8,3.3,5.8,1.9,9.7,0.61,0.07,0.97,115.4,110
James Harden,G,1,36.5,36.2,14,800,0.865,671,0.556,843,0.355,0.543,0.626,34.3,6.5,9.4,7.5,35.9,1.84,0.88,4.49,120.3,103.3
Jared Harper,G,1,2.6,21.5,0,0,0,2,0.5,2,0,0.25,0.25,0.7,0,0,0,0,0,0,0,,
Gary Harris,G,1,31.8,15.1,9.7,92,0.815,309,0.479,210,0.333,0.487,0.519,10.4,2.9,5.1,2.1,8.9,1.36,0.25,1.07,104.8,109.2
Shaquille Harrison,G,1,11.3,18.1,9.2,50,0.78,123,0.496,42,0.381,0.515,0.559,4.9,2,9.7,1.1,15.3,0.81,0.44,0.44,116.3,100.3
Josh Hart,G,1,27,15.3,11.4,115,0.739,178,0.584,354,0.342,0.537,0.563,10.1,6.6,12.9,1.7,8.4,0.97,0.35,1.15,110,104.4
Tyler Herro,G,1,27.4,22.2,11.4,100,0.87,333,0.462,298,0.389,0.52,0.55,13.5,4.1,8.3,2.2,12.7,0.62,0.16,1.58,102.9,108.3
Buddy Hield,G,1,30.8,27.2,12.1,136,0.846,475,0.478,688,0.394,0.545,0.565,19.2,4.6,8.3,3,15.5,0.93,0.24,2.33,106,108.7
George Hill,G,1,21.5,15.5,11.9,101,0.842,200,0.565,176,0.46,0.624,0.659,9.4,3,6.9,3.1,19,0.8,0.08,0.97,130.3,100.4
Aaron Holiday,G,1,24.5,18.7,12.6,87,0.851,342,0.427,221,0.394,0.491,0.521,9.5,2.3,5.3,3.4,19.1,0.85,0.24,1.32,104.3,105.8
Jrue Holiday,G,1,34.7,24.6,14.7,182,0.709,660,0.509,346,0.353,0.516,0.537,19.1,4.8,7.4,6.7,29.1,1.62,0.8,3.07,107.4,108.8
Talen Horton-Tucker,G,1,13.5,19.6,15.9,4,0.5,17,0.588,13,0.308,0.533,0.535,5.7,1.2,4.7,1,10.5,1.33,0.17,1,97.1,95.7
Kyrie Irving,G,1,32.9,32.6,10.1,102,0.922,274,0.522,142,0.394,0.546,0.595,27.4,5.2,8.1,6.4,36.7,1.35,0.5,2.6,118.6,104.1
Frank Jackson,G,1,13.5,21.2,11.9,75,0.747,187,0.465,144,0.326,0.476,0.51,6.3,1.4,5.5,1,10.8,0.29,0.07,0.83,99.6,108.1
Reggie Jackson,G,1,27.2,27,9.8,33,0.788,116,0.388,82,0.378,0.462,0.492,14.9,2.9,6.1,5.1,30.8,0.57,0.07,1.64,106,112.5
Reggie Jackson,G,1,21.3,19.1,16.9,21,0.905,65,0.492,63,0.413,0.555,0.587,9.5,3,7.3,3.2,21.3,0.29,0.24,1.65,110.9,101.6
Tyler Johnson,G,1,16.6,17.3,11.5,32,0.75,88,0.466,83,0.289,0.45,0.481,5.7,1.7,5.6,1.6,13.3,0.39,0.26,0.77,98,107.8
Tyler Johnson,G,1,24.3,19.8,5.4,18,1,43,0.419,36,0.389,0.494,0.552,12,3.1,6.7,3,18.6,0.5,0.13,0.63,121.2,106.7
Tyus Jones,G,1,19,17.2,10.8,58,0.741,305,0.492,124,0.379,0.514,0.532,7.4,1.6,4.4,4.4,32,0.91,0.09,0.85,116.1,112.1
Cory Joseph,G,1,24.4,12.9,15.3,70,0.857,253,0.455,159,0.352,0.483,0.517,6.4,2.6,6,3.5,19.1,0.74,0.29,1.11,110.1,109.6
Luke Kennard,G,1,32.9,19.8,10.3,75,0.893,159,0.491,183,0.399,0.548,0.589,15.8,3.5,6,4.1,19.2,0.43,0.21,1.54,117.5,110.8
Brandon Knight,G,1,15.1,19.1,14.9,13,0.308,22,0.409,64,0.297,0.436,0.431,4.9,1.3,4.6,1.9,17.9,0.31,0.13,1,89.7,111.6
Brandon Knight,G,1,24.6,22.2,19.6,21,0.762,14,0.357,67,0.388,0.543,0.576,11.6,2.3,5.4,4.2,25.6,0.56,0.11,2.44,106.2,108.2
John Konchar,G,1,9.5,10.3,15.6,2,0.5,27,0.704,10,0.5,0.716,0.713,2.8,2.5,13.7,1.2,16.2,0.37,0.16,0.37,138.9,109.9
Jalen Lecque,G,1,6.3,17.3,15.5,2,1,6,0.667,4,0,0.4,0.46,2,0.4,3.5,0.4,8.7,0,0,0.4,85.5,108.5
Courtney Lee,G,1,14.4,11.9,11.4,7,0.857,35,0.543,47,0.447,0.616,0.629,4.5,1.3,4.9,0.5,4.7,0.75,0.25,0.46,115.9,105
Caris LeVert,G,1,29.6,29.4,12.5,197,0.711,512,0.451,220,0.364,0.48,0.514,18.7,4.2,7.3,4.4,25,1.18,0.22,2.6,102.2,106.8
Damian Lillard,G,1,37.5,30.3,11,518,0.888,674,0.525,674,0.401,0.563,0.628,30,4.3,6,8,34.4,1.06,0.33,2.94,126.1,115.5
Kyle Lowry,G,1,36.2,23.1,15.7,343,0.857,337,0.504,466,0.352,0.518,0.59,19.4,5,7.3,7.5,30.6,1.41,0.45,3.07,115.9,99.9
Daryl Macon,G,1,3.5,15.6,40,0,0,1,0,2,0.5,0.5,0.5,0.8,0,0,0.3,9.6,0,0,0.5,,
J.P. Macura,G,1,0.6,0,,0,0,0,0,0,0,,,0,0,0,0,0,0,0,0,,
Josh Magette,G,1,4.7,23.8,23.9,2,0.5,11,0.364,4,0.25,0.367,0.378,1.5,0.8,8.5,0.6,19.3,0.38,0.13,0.63,71.2,98.8
Jeremiah Martin,G,1,11,26.7,6.3,14,0.786,35,0.543,18,0.278,0.5,0.541,7.1,1.1,5.2,2,30.8,0.78,0.22,0.44,115.8,104.3
Frank Mason,G,1,13.1,24.3,15.8,17,0.588,30,0.567,21,0.286,0.51,0.53,6.9,2.1,8,3.2,35,0.56,0.11,1.22,109.2,96.8
Garrison Mathews,G,1,12.6,14.4,10.1,34,0.912,10,0.5,46,0.413,0.598,0.691,5.4,1.3,5.8,0.6,5.8,0.44,0.06,0.44,132.2,105.9
Wesley Matthews,G,1,24.4,12.5,8.7,68,0.765,125,0.472,297,0.364,0.524,0.547,7.4,2.5,5,1.4,7.1,0.55,0.13,0.64,108.5,101.9
Patrick McCaw,G,1,24.5,9.4,14.6,18,0.722,91,0.484,71,0.324,0.485,0.5,4.6,2.3,5,2.1,11.5,1.05,0.11,0.78,105.1,104
CJ McCollum,G,1,36.5,25.9,8.1,185,0.757,844,0.494,512,0.379,0.522,0.541,22.2,4.3,6.1,4.4,19.1,0.77,0.6,1.81,110.8,113.1
T.J. McConnell,G,1,18.7,17.5,18.9,42,0.833,395,0.524,17,0.294,0.521,0.539,6.5,2.7,7.9,5,37.6,0.8,0.15,1.41,112.2,106.4
Rodney McGruder,G,1,15.6,10.6,10.9,34,0.559,92,0.522,89,0.27,0.464,0.477,3.3,2.7,9,0.7,5.5,0.46,0.14,0.43,99.8,102.3
Jordan McLaughlin,G,1,19.7,15.8,13.7,39,0.667,102,0.569,76,0.382,0.57,0.587,7.6,1.6,4.4,4.2,31,1.13,0.13,1.03,121.5,111.3
Ben McLemore,G,1,22.8,16,8,67,0.746,93,0.656,452,0.4,0.61,0.622,10.1,2.2,5,0.8,5.2,0.65,0.23,0.7,117.3,106
Jordan McRae,G,1,22.5,24.9,9.7,83,0.771,211,0.441,106,0.377,0.483,0.523,12.8,3.6,8.7,2.8,19.1,0.66,0.52,1.31,106,109.8
Jordan McRae,G,1,8.1,10.5,0,4,0.75,2,0,4,0.5,0.5,0.58,2.3,1.3,8.7,1,15.5,0.5,0.25,0,143.3,106.8
Jordan McRae,G,1,24.6,25.6,8.7,22,0.727,27,0.407,16,0.188,0.36,0.446,11.8,3.8,8.6,1.8,10.6,0,0,1.25,92.3,106.7
De'Anthony Melton,G,1,19.5,19.2,15.6,121,0.769,261,0.464,140,0.286,0.451,0.501,7.6,3.7,9.9,2.9,20.1,1.27,0.33,1.4,102,102.5
CJ Miles,G,1,16.1,18.6,5.6,20,0.75,24,0.333,35,0.314,0.415,0.472,6.4,1.2,4.1,1.2,10,1,0.4,0.4,102.9,110.8
Patty Mills,G,1,22.5,20.4,7.7,112,0.866,195,0.533,403,0.382,0.56,0.592,11.6,1.6,3.9,1.8,11.4,0.8,0.09,0.82,115.3,111.1
Donovan Mitchell,G,1,34.3,30.8,11,322,0.863,869,0.494,473,0.366,0.513,0.558,24,4.4,7.1,4.3,21.6,1.01,0.2,2.67,109.5,105.7
Naz Mitrou-Long,G,1,9.4,18.7,15,0,0,5,0.8,12,0.167,0.412,0.412,2.8,1.4,8.2,1.6,22.9,0.2,0.2,0.6,87.1,108
Adam Mokoka,G,1,10.2,12.1,6.3,4,0.5,13,0.462,15,0.4,0.536,0.538,2.9,0.9,4.9,0.4,5,0.36,0,0.18,114.6,101.4
Malik Monk,G,1,21.3,22.9,12.6,100,0.82,284,0.542,204,0.284,0.494,0.53,10.3,2.9,7.3,2.1,16.6,0.45,0.29,1.4,102.7,110.4
Matt Mooney,G,1,4.7,9.1,0,0,0,2,0.5,2,0,0.25,0.25,0.5,0.8,8.9,0.3,6.8,0.5,0.25,0,69.4,107.1
E'Twaun Moore,G,1,18.2,19.9,8.1,45,0.689,270,0.456,167,0.377,0.498,0.51,8.3,2.3,6.8,1.4,11,0.57,0.2,0.71,103.7,108.9
Ja Morant,G,1,31,25.9,17,308,0.776,758,0.511,179,0.335,0.509,0.556,17.8,3.9,6.5,7.3,35.2,0.88,0.27,3.28,108.4,110.7
Monte Morris,G,1,22.4,17.5,8.2,89,0.843,394,0.495,172,0.378,0.517,0.545,9,1.9,4.7,3.5,22.1,0.75,0.23,0.74,117.4,112.3
Emmanuel Mudiay,G,1,15.7,22.6,17.3,83,0.759,239,0.506,87,0.345,0.509,0.545,7.3,2.3,8.2,2.1,20.9,0.44,0.19,1.41,103,104
Mychal Mulder,G,1,29.1,16.2,6.5,12,0.75,15,0.667,52,0.308,0.507,0.533,11,3.3,6.1,1.1,5.9,0.29,0.14,0.71,104.9,109.5
Dejounte Murray,G,1,25.6,20.8,15.4,114,0.798,526,0.481,111,0.369,0.494,0.524,10.9,5.8,12.3,4.1,23.1,1.68,0.26,1.89,104.7,104.4
Jamal Murray,G,1,32.3,25.2,11.5,185,0.881,570,0.519,324,0.346,0.519,0.559,18.5,4,6.9,4.8,22.9,1.14,0.29,2.15,111.5,110.3
Shabazz Napier,G,1,23.8,19.1,19.1,88,0.818,124,0.54,159,0.296,0.486,0.539,9.6,3.1,6.8,5.2,31.3,1.14,0.19,2.11,108.1,108.9
Shabazz Napier,G,1,24.4,21.6,20.5,65,0.831,92,0.489,81,0.358,0.512,0.573,11.6,2.4,5.4,3.8,21.6,1.45,0.2,2.6,103.7,110.9
Raul Neto,G,1,12.4,18.6,16.3,47,0.83,133,0.504,88,0.386,0.534,0.569,5.1,1.1,5,1.8,20.3,0.44,0.11,0.87,108.8,106.4
Malik Newman,G,1,3.7,44.8,25.8,2,1,1,0,1,0,0,0.347,2,0,0,0,0,0,0,1,,
Jaylen Nowell,G,1,10.1,17.3,4.7,17,0.941,27,0.593,26,0.115,0.387,0.471,3.8,0.9,4.5,1.3,17.8,0.2,0,0.2,109.7,111.6
Frank Ntilikina,G,1,20.8,15.4,16.5,59,0.864,196,0.444,137,0.321,0.459,0.497,6.3,2.1,5.4,3,20.2,0.95,0.28,1.25,102.6,104.4
Kendrick Nunn,G,1,29.3,24,10.6,100,0.85,523,0.505,391,0.35,0.514,0.534,15.3,2.7,5.1,3.3,18.5,0.84,0.22,1.7,103.3,106.4
Josh Okogie,G,1,25,15.1,15.1,191,0.796,244,0.529,154,0.266,0.479,0.553,8.6,4.3,9.1,1.6,8.9,1.1,0.42,1.39,108.5,107.1
Victor Oladipo,G,1,27.8,26.5,14.7,59,0.814,142,0.451,104,0.317,0.461,0.506,14.5,3.9,7.8,2.9,15.4,0.89,0.21,2.47,94.3,105.3
Jeremy Pargo,G,1,14.8,25.5,15.1,1,0,15,0.533,7,0.429,0.568,0.557,8.3,1,3.7,2.7,32.8,0.33,0,1.33,103,101.2
Chris Paul,G,1,31.5,23.3,13.8,279,0.907,583,0.554,304,0.365,0.552,0.61,17.6,5,8.8,6.7,34,1.59,0.16,2.3,120.4,103
Cameron Payne,G,1,22.9,19.1,13.4,7,0.857,39,0.462,29,0.517,0.596,0.612,10.9,3.9,9.4,3,19.4,1,0.25,1.38,114.7,102.1
Gary Payton II,G,1,14.9,13.4,14.3,8,0.5,70,0.5,46,0.283,0.47,0.473,3.9,2.8,10.1,1.7,14.8,1.14,0.24,0.69,102.6,103.9
Elfrid Payton,G,1,27.7,19.5,16.6,86,0.57,371,0.482,69,0.203,0.455,0.47,10,4.7,9,7.2,38.6,1.58,0.38,2.11,104.8,107.8
Shamorie Ponds,G,1,2.7,23.7,0,2,1,3,0.667,2,0.5,0.7,0.765,2.3,0.3,5,0.5,34.3,0,0.25,0,,
Jordan Poole,G,1,22.3,21,11.5,119,0.798,237,0.392,265,0.279,0.406,0.454,8.8,2.1,5,2.4,15.8,0.6,0.18,1.26,91.8,111.4
Norman Powell,G,1,28.4,21.4,10.5,153,0.843,323,0.579,273,0.399,0.588,0.626,16,3.6,6.7,1.8,9.7,1.15,0.4,1.5,115.4,102.2
Chasson Randle,G,1,13.5,7,0,6,0.833,2,0,2,0,0,0.377,1.7,0.7,2.7,1.7,15.5,0.67,0,0,113.2,111
JJ Redick,G,1,26.4,20.4,9.5,185,0.892,234,0.453,397,0.453,0.596,0.644,15.3,2.5,5.1,2,10.8,0.33,0.18,1.25,121.9,112.1
Josh Richardson,G,1,30.8,20.6,12.8,141,0.809,397,0.486,249,0.341,0.496,0.533,13.7,3.2,5.7,2.9,13.9,0.95,0.65,1.89,103.8,106
Austin Rivers,G,1,23.4,15.6,8.3,111,0.703,231,0.498,270,0.356,0.517,0.542,8.8,2.6,5.7,1.7,10,0.72,0.16,0.74,110.2,107.2
Jerome Robinson,G,1,11.3,15,15.3,19,0.579,69,0.391,67,0.284,0.408,0.423,2.9,1.4,6.5,1.1,12.7,0.31,0.19,0.62,87.1,99.9
Jerome Robinson,G,1,24,17.7,10.8,38,0.763,88,0.443,86,0.349,0.483,0.516,9.4,3.3,7.5,2,11.2,0.71,0.43,1.1,102.4,107.9
Justin Robinson,G,1,5.4,12.8,20,0,0,7,0.286,5,0.6,0.542,0.542,1.4,0.6,5.6,0.8,18.9,0,0.11,0.33,104.9,118.5
Rajon Rondo,G,1,20.5,18.7,20.9,41,0.659,202,0.475,125,0.328,0.482,0.496,7.1,3,7.9,5,32.8,0.81,0.04,1.9,102.6,104.6
Derrick Rose,G,1,26,31.6,13.4,139,0.871,606,0.535,147,0.306,0.52,0.555,18.1,2.4,5.3,5.6,40.5,0.8,0.34,2.52,109.6,114
Terry Rozier,G,1,34.4,23.8,12.1,191,0.869,518,0.436,425,0.405,0.513,0.552,18,4.4,7,4.1,20.3,0.95,0.16,2.24,108.5,110.8
Ricky Rubio,G,1,31,20.4,17.9,226,0.863,476,0.439,216,0.361,0.471,0.535,13,4.7,8.4,8.8,39.7,1.45,0.17,2.66,112.4,105.2
D'Angelo Russell,G,1,32.1,32.2,12.6,144,0.785,314,0.487,321,0.374,0.524,0.558,23.6,3.7,6.2,6.2,35.9,0.91,0.27,3.06,106.7,112.3
D'Angelo Russell,G,1,32.6,29.5,16.7,55,0.873,100,0.49,110,0.345,0.505,0.555,21.7,4.6,7.4,6.6,33.1,1.42,0.33,3.92,105.1,110.2
Tomas Satoransky,G,1,28.9,16.7,17.7,121,0.876,352,0.491,199,0.322,0.488,0.533,9.9,3.9,7.5,5.4,27.1,1.23,0.11,2,110.7,108
Dennis Schroder,G,1,30.8,27.2,13.4,236,0.839,640,0.513,325,0.385,0.534,0.575,18.9,3.6,6.5,4,21.9,0.71,0.22,2.55,107.7,105.5
Collin Sexton,G,1,33,27.2,11.6,267,0.846,832,0.5,255,0.38,0.517,0.56,20.8,3.2,5.3,3,15.1,1.02,0.11,2.43,108.5,112.9
Landry Shamet,G,1,27.4,13.4,9,76,0.855,95,0.495,296,0.375,0.546,0.58,9.3,1.9,3.6,1.9,9.1,0.38,0.19,0.79,115.1,104.1
Iman Shumpert,G,1,18.5,13.4,13,7,0.571,31,0.419,33,0.242,0.391,0.403,4.2,2.6,7.3,0.9,6.7,0.92,0.15,0.77,84.9,103.4
Anfernee Simons,G,1,20.7,18.7,9.6,92,0.826,311,0.447,226,0.332,0.468,0.501,8.3,2.2,5.5,1.4,9.2,0.37,0.14,0.87,101.6,111.2
Marcus Smart,G,1,32,18.9,12.2,152,0.836,287,0.415,395,0.347,0.476,0.518,12.9,3.8,6.3,4.9,21.1,1.67,0.48,1.73,109.4,102.6
Dennis Smith Jr.,G,1,15.8,23.1,19.8,53,0.509,157,0.357,54,0.296,0.379,0.399,5.5,2.3,7.7,2.9,26.3,0.82,0.24,1.71,84.2,103.1
Ish Smith,G,1,26.3,19.1,11.6,86,0.721,520,0.473,169,0.367,0.492,0.509,10.9,3.2,6.7,4.9,27.1,0.88,0.44,1.4,107.8,113.9
JR Smith,G,1,13.2,14.4,14.9,2,1,11,0.545,11,0.091,0.341,0.372,2.8,0.8,3.5,0.5,4.8,0.17,0,0.67,71.7,107.3
Zhaire Smith,G,1,4.6,19.7,13.6,4,0.5,8,0.375,3,0,0.273,0.313,1.1,0.3,3.4,0.3,8.2,0.43,0,0.29,64.7,97.5
Tony Snell,G,1,27.8,11.4,7.3,32,1,128,0.531,254,0.402,0.579,0.598,8,1.9,3.8,2.2,10.9,0.54,0.25,0.53,121.8,112.4
Edmond Sumner,G,1,14.4,17.3,11.9,29,0.552,89,0.528,53,0.264,0.479,0.491,4.9,1.5,5.5,1.8,16.7,0.48,0.29,0.68,101,103.3
Jeff Teague,G,1,27.8,20.2,16.4,144,0.868,238,0.471,87,0.379,0.497,0.577,13.2,2.6,4.9,6.1,32.5,0.74,0.38,2.24,116.1,110.8
Jeff Teague,G,1,20.8,18.3,17.5,53,0.887,135,0.43,30,0.333,0.442,0.512,7.7,2.2,5.6,4,27.3,0.76,0.24,1.6,105.4,113.4
Isaiah Thomas,G,1,23.1,24.1,14.2,76,0.816,237,0.405,189,0.413,0.5,0.531,12.2,1.7,4,3.7,23.5,0.33,0.15,1.9,102.8,113.7
Khyri Thomas,G,1,7.7,15.5,13.8,4,0.5,3,0,14,0.357,0.441,0.453,2.1,0.1,0.9,0.4,6.7,0.38,0,0.38,88,103
Matt Thomas,G,1,10.7,16.6,9.3,12,0.75,51,0.51,99,0.475,0.643,0.65,4.9,1.5,7.3,0.5,7.5,0.24,0.02,0.39,118.6,101.6
Sindarius Thornwell,G,1,17.8,17,13.6,4,0.5,7,0.571,4,0.5,0.636,0.627,8,2,6,2,15.9,0.5,0.5,1,115.2,111
Allonzo Trier,G,1,12.1,21.6,15.5,43,0.791,53,0.604,53,0.358,0.571,0.62,6.5,1.3,5.5,1.2,14.8,0.13,0.17,0.96,113.9,108.9
Rayjon Tucker,G,1,8.5,16.5,13.1,23,0.826,26,0.654,17,0.176,0.5,0.584,3.3,1.1,6.8,0.3,4.4,0.05,0.05,0.42,109,108.4
Denzel Valentine,G,1,13.6,23.3,9.8,8,0.75,100,0.51,137,0.336,0.506,0.511,6.8,2.1,8.4,1.2,14.2,0.72,0.17,0.72,100.3,102.5
Fred VanVleet,G,1,35.7,21.7,12.2,198,0.848,399,0.434,374,0.39,0.507,0.553,17.6,3.8,5.6,6.6,27.7,1.8,0.31,2.2,112.9,102.6
Gabe Vincent,G,1,9.2,20.2,2.6,0,0,10,0.2,27,0.222,0.297,0.297,2.4,0.6,3.4,0.7,10.1,0.56,0,0.11,69.6,105.4
Dion Waiters,G,1,14,30.8,10.2,1,0,9,0.222,17,0.471,0.538,0.53,9.3,3.7,14.6,1,12.4,0,0.67,1,93.2,98.8
Dion Waiters,G,1,23.6,23.7,14,16,0.875,43,0.558,30,0.233,0.473,0.518,11.9,1.9,4.3,2.4,14.9,0.57,0.57,1.86,99.3,102.9
Kemba Walker,G,1,31.1,27.2,10.5,242,0.864,416,0.476,473,0.381,0.526,0.575,20.4,3.9,6.7,4.8,24.2,0.86,0.5,2.09,115.8,107.4
Tyrone Wallace,G,1,11.5,15.9,16.3,17,0.647,29,0.448,15,0.067,0.33,0.389,2.9,1.6,7.4,0.9,10.8,0.5,0.07,0.71,80,106.6
Derrick Walton Jr.,G,1,9.6,8.3,9.1,9,0.778,15,0.533,21,0.429,0.597,0.626,2.2,0.7,3.5,1,12.7,0.17,0,0.17,132.3,105.3
Derrick Walton Jr.,G,1,8.8,6.6,25,0,0,0,0,3,0.333,0.5,0.5,1,0.3,2.1,1.7,24.4,1,0,0.33,117.5,105.8
Brad Wanamaker,G,1,19.3,15.5,15.3,136,0.926,260,0.481,102,0.363,0.499,0.577,6.9,2,5.6,2.5,17.8,0.85,0.21,1.07,115.2,101.9
Tremont Waters,G,1,10.8,24.3,22.2,8,1,25,0.4,24,0.167,0.327,0.381,3.6,1.1,5.4,1.5,18.4,0.91,0.18,1.36,73.4,97.6
Paul Watson,G,1,8.8,16.6,0,0,0,4,0,3,0,0,0,0,1,6.2,1.5,20.5,0.5,0,0,27.4,112.6
Paul Watson,G,1,8.7,15.9,11.6,9,0.778,10,0.6,9,0.444,0.632,0.675,3.9,1.9,11.4,0.6,10.4,0.38,0.13,0.38,127,101.4
Quinndary Weatherspoon,G,1,7.1,12.7,21.9,2,0.5,12,0.333,5,0.2,0.324,0.336,1.1,0.6,4.9,1,17.6,0.27,0.09,0.45,77.1,106.9
Russell Westbrook,G,1,36,34.4,15,380,0.763,1068,0.514,213,0.258,0.493,0.536,27.2,7.9,11.5,7,35.6,1.65,0.35,4.47,105.6,102.4
Coby White,G,1,25.8,24.4,11.4,129,0.791,416,0.43,376,0.354,0.478,0.506,13.2,3.6,7.6,2.7,16.6,0.75,0.09,1.68,100.2,108.3
Derrick White,G,1,24.7,18.9,12.1,211,0.853,336,0.518,216,0.366,0.53,0.593,11.3,3.3,7.1,3.5,20,0.66,0.85,1.31,118,108.1
Nigel Williams-Goss,G,1,5,17.4,15.1,2,1,9,0.333,7,0.286,0.375,0.415,1.4,0.6,6.6,0.6,16.5,0.3,0.1,0.3,92.2,99.3
Lou Williams,G,1,28.7,28.4,14.4,339,0.861,621,0.451,315,0.352,0.477,0.546,18.2,3.1,5.6,5.6,30.1,0.66,0.18,2.8,108.8,108.6
Delon Wright,G,1,21.5,14.4,13.8,100,0.77,284,0.504,128,0.367,0.518,0.553,6.9,3.8,9.4,3.3,21.1,1.15,0.3,1,119,107.1
Justin Wright-Foreman,G,1,11.3,23.9,12.1,4,0.75,10,0.5,10,0.2,0.4,0.437,4.8,1.3,6.1,1.8,22.9,0.5,0,0.75,92.8,100.6
Trae Young,G,1,35.3,34.9,16.2,559,0.86,681,0.501,568,0.361,0.519,0.595,29.6,4.2,6.4,9.3,45.6,1.08,0.13,4.8,113.9,115.2
Dwayne Bacon,G-F,0,17.6,19.5,12.2,53,0.66,177,0.373,67,0.284,0.387,0.419,5.7,2.6,8,1.3,11.7,0.59,0.05,0.95,86.5,107.9
Nicolas Batum,G-F,0,23,9.4,20.5,10,0.9,32,0.438,49,0.286,0.432,0.463,3.6,4.5,10.7,3,18,0.77,0.36,1,106,106.6
Kent Bazemore,G-F,0,25.8,15.9,14.4,72,0.806,155,0.368,171,0.327,0.433,0.475,7.9,4,8.1,1.4,7.1,1.05,0.72,1.4,91.9,106.4
Kent Bazemore,G-F,0,23.1,20.4,11.4,75,0.733,135,0.437,73,0.384,0.486,0.533,10.3,4.9,11.9,1.3,8,1.16,0.36,1.24,102.9,99.2
DeAndre' Bembry,G-F,0,21.3,14,19.4,48,0.542,163,0.546,65,0.231,0.489,0.5,5.8,3.5,8.9,1.9,12.2,1.28,0.44,1.4,94.9,108.2
Corey Brewer,G-F,0,6.5,9.7,27.3,3,0.333,3,0.667,1,0,0.5,0.47,1,1.6,13.8,0.4,7.8,0.8,0,0.4,90.7,84.8
Ryan Broekhoff,G-F,0,10.6,16.2,8.8,8,0.875,8,0.25,51,0.392,0.542,0.568,4.2,2.5,12.5,0.6,8.3,0.29,0.24,0.35,113.7,104
Dillon Brooks,G-F,0,28.9,25.2,9.7,203,0.808,655,0.44,412,0.357,0.477,0.511,16.2,3.3,6.1,2.1,10.5,0.86,0.37,1.7,100.2,102.5
Troy Brown Jr.,G-F,0,25.8,17.8,10.4,139,0.784,443,0.479,179,0.341,0.488,0.524,10.4,5.6,11.7,2.6,14.1,1.22,0.1,1.14,108.2,109.7
Bruce Brown,G-F,0,28.2,16,16.8,119,0.739,351,0.47,96,0.344,0.48,0.518,8.9,4.7,9.5,4,20.4,1.09,0.5,1.74,106.2,105.2
Sterling Brown,G-F,0,14.7,17,13.3,40,0.8,120,0.425,136,0.324,0.457,0.486,5.1,3.5,11.8,1,8.6,0.56,0.13,0.81,96.3,97.5
Reggie Bullock,G-F,0,23.6,15.6,7.5,21,0.81,113,0.469,111,0.333,0.484,0.502,8.1,2.3,5.3,1.4,8.8,0.86,0.1,0.66,104.8,109.3
Deonte Burton,G-F,0,9.1,18.5,12.7,14,0.571,72,0.458,53,0.189,0.384,0.396,2.7,1.5,8.8,0.4,6.8,0.15,0.26,0.49,78.1,102.6
Vince Carter,G-F,0,14.6,16.6,9.4,29,0.793,102,0.451,202,0.302,0.452,0.47,5,2.1,7.6,0.8,7.7,0.38,0.42,0.55,94.6,109.2
Amir Coffey,G-F,0,8.8,17.6,12,11,0.545,35,0.486,19,0.316,0.481,0.493,3.2,0.9,5.2,0.8,12.3,0.28,0.11,0.44,99.3,99.8
Allen Crabbe,G-F,0,18.6,12.8,7.5,12,0.75,50,0.44,93,0.323,0.469,0.482,5.1,2.3,6.6,1,7.3,0.54,0.14,0.43,100.3,113.2
Allen Crabbe,G-F,0,14.6,12.5,12.5,2,0.5,8,0.625,26,0.231,0.412,0.416,3.2,1.3,4.8,0.6,5.1,0,0,0.56,81.1,111.2
Jarrett Culver,G-F,0,23.9,19.2,11.7,117,0.462,348,0.471,221,0.299,0.462,0.467,9.2,3.4,7.5,1.7,10.8,0.89,0.62,1.3,94.5,108.7
Luka Doncic,G-F,0,33.6,36.8,14.8,562,0.758,713,0.575,541,0.316,0.531,0.586,28.8,9.4,14.7,8.8,45.7,0.98,0.23,4.28,115.6,104
PJ Dozier,G-F,0,14.2,20.8,13.7,29,0.724,108,0.444,49,0.347,0.468,0.495,5.8,1.9,7.5,2.2,21.7,0.48,0.21,0.93,101.9,103.7
Jacob Evans,G-F,0,15.3,17.6,14.6,29,0.862,95,0.337,38,0.342,0.387,0.439,4.7,1.5,5.4,1.1,10.9,0.41,0.44,0.93,86.8,108.9
Jacob Evans,G-F,0,2.2,9.6,0,0,0,0,0,1,0,0,0,0,0,0,0,0,0,0,0,,
Evan Fournier,G-F,0,31.4,24,10.8,220,0.818,496,0.526,434,0.399,0.56,0.595,18.5,2.6,4.4,3.2,16.6,1.08,0.23,1.88,112.2,106.3
Melvin Frazier Jr.,G-F,0,6.6,14,12.3,4,0.5,18,0.389,16,0.5,0.559,0.559,2.1,0.5,4.3,0.2,3.4,0.47,0.11,0.26,99.8,103.1
Shai Gilgeous-Alexander,G-F,0,34.7,23.6,10.3,357,0.807,762,0.513,251,0.347,0.515,0.569,19,5.9,9.4,3.3,15.2,1.13,0.67,1.93,111.3,106.4
Treveon Graham,G-F,0,20.1,13.1,9,37,0.73,93,0.452,83,0.241,0.409,0.445,5.2,3.1,8,0.9,6.1,0.52,0.06,0.58,96.6,107.4
Treveon Graham,G-F,0,12.1,13.3,11.7,19,0.474,30,0.4,37,0.351,0.47,0.478,3.3,2.3,10.1,0.7,7.6,0.32,0.18,0.45,103.2,106.2
Javonte Green,G-F,0,9.7,15.3,13.7,42,0.667,93,0.581,33,0.273,0.536,0.564,3.4,1.9,10.6,0.5,7.7,0.5,0.17,0.48,109.6,100.2
Joe Harris,G-F,0,30.8,18.3,11.3,89,0.719,378,0.553,406,0.424,0.596,0.606,14.5,4.3,7.3,2.1,10.4,0.59,0.25,1.52,113.1,106.4
Rodney Hood,G-F,0,29.5,13.9,9.4,27,0.778,101,0.515,71,0.493,0.608,0.625,11,3.4,6.1,1.5,7,0.81,0.19,0.9,120.7,112.4
Kevin Huerter,G-F,0,31.4,17.1,12,64,0.828,276,0.453,334,0.38,0.517,0.536,12.2,4.1,7,3.8,17.5,0.91,0.48,1.55,107.4,112
Andre Iguodala,G-F,0,19.9,12.8,22.2,15,0.4,41,0.585,47,0.298,0.511,0.507,4.6,3.7,10.4,2.4,16.9,0.67,1,1.29,100.3,103.6
Josh Jackson,G-F,0,17.3,22.8,13.4,50,0.7,87,0.54,72,0.319,0.513,0.547,9,3,9.1,1.6,13.1,0.82,0.41,1.27,103,102.6
Justin James,G-F,0,6.6,18.7,7,21,0.476,55,0.473,29,0.31,0.47,0.477,2.5,0.9,7.7,0.5,11.2,0.17,0.26,0.2,100.6,109.3
DaQuan Jeffries,G-F,0,10.9,13.7,4.5,6,0.833,22,0.682,18,0.278,0.563,0.586,3.8,1.4,7.2,0.5,7.1,0.31,0.08,0.15,120.8,102.4
Ty Jerome,G-F,0,10.6,17.9,13,16,0.75,63,0.381,50,0.28,0.398,0.425,3.3,1.5,7.8,1.4,18.2,0.48,0.1,0.58,91.7,104.9
Furkan Korkmaz,G-F,0,21.7,18.4,8.8,102,0.755,208,0.476,356,0.402,0.556,0.578,9.8,2.3,5.9,1.1,7.3,0.57,0.22,0.82,110.3,107.8
Kyle Korver,G-F,0,16.6,15.5,13.6,41,0.854,56,0.482,237,0.418,0.599,0.62,6.7,2.1,6.3,1.2,9.2,0.43,0.21,0.84,112.2,99.2
Jeremy Lamb,G-F,0,28.1,19.6,8.7,110,0.836,321,0.508,158,0.335,0.506,0.547,12.5,4.3,8.4,2.1,10.5,1.17,0.48,1.09,107.7,103
Romeo Langford,G-F,0,11.6,11.8,10.8,25,0.72,53,0.434,27,0.185,0.381,0.434,2.5,1.3,5.9,0.4,4.5,0.22,0.25,0.34,94.5,104.8
Zach LaVine,G-F,0,34.8,31.7,13.3,334,0.802,716,0.496,484,0.38,0.526,0.568,25.5,4.8,7.7,4.2,21.7,1.45,0.47,3.43,106.9,108.4
Damion Lee,G-F,0,29,19,10.6,126,0.873,272,0.471,239,0.356,0.5,0.548,12.7,4.9,9.1,2.7,14.4,1.02,0.12,1.37,108,108.4
Timothe Luwawu-Cabarrot,G-F,0,18.1,16.8,10.8,81,0.852,109,0.505,160,0.388,0.55,0.599,7.8,2.7,7.7,0.6,4.9,0.38,0.13,0.79,113.4,100.9
Terance Mann,G-F,0,8.8,12.6,16.5,27,0.667,59,0.508,20,0.35,0.513,0.545,2.4,1.3,7.9,1.3,19.3,0.27,0.12,0.44,113.3,98.3
Malcolm Miller,G-F,0,5.8,9.6,11,8,0.375,7,0.571,22,0.364,0.552,0.538,1.3,0.6,5.2,0.4,8.9,0.18,0.07,0.14,108.3,99.3
Shake Milton,G-F,0,20.1,18.8,13.3,65,0.785,142,0.535,135,0.43,0.588,0.617,9.4,2.2,6,2.6,18.8,0.48,0.18,1.18,117.6,102.5
Dzanan Musa,G-F,0,12.2,20.1,15.4,60,0.75,94,0.479,78,0.244,0.427,0.484,4.8,2.2,9.1,1.1,12.6,0.38,0.03,0.9,95.8,106.5
Svi Mykhailiuk,G-F,0,22.6,17.1,12.3,70,0.814,120,0.425,285,0.404,0.552,0.578,9,1.9,4.7,1.9,12.3,0.73,0.07,1.09,110.3,110.6
Zach Norvell Jr.,G-F,0,2.5,8.6,0,0,0,1,0,0,0,0,0,0,0.5,11.2,0,0,0,0,0,,
Zach Norvell Jr.,G-F,0,12,17.1,20.8,1,1,3,0,8,0.375,0.409,0.437,3.3,1.7,7.5,1,11.7,0.67,0,1,78.3,104.2
David Nwaba,G-F,0,13.4,14.2,8.8,27,0.667,43,0.581,28,0.429,0.606,0.627,5.2,2.3,8.7,0.4,4.3,0.55,0.6,0.4,119.6,99.5
Miye Oni,G-F,0,10.9,15.3,10.5,5,0.8,13,0.385,19,0.368,0.484,0.512,3.5,1.7,8.6,0.4,5.1,0.4,0.2,0.4,103.6,104.1
Theo Pinson,G-F,0,11.1,22.3,16.9,16,0.938,75,0.4,80,0.188,0.339,0.37,3.6,1.6,7.6,1.7,21.6,0.52,0.12,1,80.4,102.2
Kevin Porter Jr.,G-F,0,23.2,20.6,16.7,101,0.723,263,0.506,158,0.335,0.505,0.535,10,3.2,7.7,2.2,13.9,0.92,0.28,1.86,99.6,105.5
Josh Reaves,G-F,0,7.1,14.9,0,2,1,7,0.429,2,0,0.333,0.405,2,0.8,5.6,0.8,14.1,0,0,0,106.5,99.6
Andre Roberson,G-F,0,12.4,16.1,6.3,2,0.5,15,0.333,14,0.214,0.328,0.335,2.9,3.9,17.1,0.6,6.3,0.14,0.43,0.29,84.1,94.7
Terrence Ross,G-F,0,27.4,22.8,7,184,0.853,342,0.48,504,0.351,0.508,0.548,14.7,3.2,6.3,1.2,6.8,1.12,0.35,1.01,106.4,107.1
Admiral Schofield,G-F,0,11.2,11.8,6.7,15,0.667,31,0.516,60,0.317,0.489,0.507,3,1.4,7,0.5,5.3,0.24,0.12,0.21,104.5,106.4
Marial Shayok,G-F,0,7,25.9,17.9,4,0.75,6,0.167,6,0.333,0.333,0.4,2.8,1.8,13.9,0.3,4.8,0,0.25,0.75,75,97.8
Max Strus,G-F,0,3.1,23.6,0,1,1,2,1,1,0,0.667,0.727,2.5,0.5,8.9,0,0,0,0,0,,
Garrett Temple,G-F,0,27.9,16.6,9,87,0.805,201,0.473,386,0.329,0.486,0.513,10.3,3.5,6.5,2.5,12.8,0.79,0.47,1,105.8,107.2
Matisse Thybulle,G-F,0,19.8,11.2,15.3,41,0.61,108,0.519,157,0.357,0.528,0.539,4.7,1.6,4.6,1.2,8,1.43,0.72,0.78,104.7,100.7
Gary Trent Jr.,G-F,0,21.8,15.3,4.4,45,0.822,173,0.486,268,0.418,0.571,0.587,8.9,1.6,3.9,1,6.3,0.79,0.26,0.34,120.7,114
Evan Turner,G-F,0,13.2,16.4,26.2,14,0.857,62,0.403,5,0,0.373,0.424,3.3,2,8.1,2,20.5,0.47,0.42,1.37,83.7,111.2
Lonnie Walker IV,G-F,0,16.2,18.8,10.5,62,0.726,257,0.432,101,0.406,0.482,0.506,6.4,2.3,7.6,1.1,9.6,0.52,0.23,0.74,99.3,108.9
Yuta Watanabe,G-F,0,5.8,15.7,5.1,8,0.375,26,0.462,8,0.375,0.485,0.48,2,1.1,10,0.3,6.4,0.22,0.06,0.11,104.4,105.8
Kenrich Williams,G-F,0,21.3,8.9,12.2,26,0.346,50,0.52,97,0.258,0.432,0.429,3.5,4.8,11.9,1.5,8.4,0.69,0.54,0.56,102.2,104.2
Justise Winslow,G-F,0,32,20.6,14.6,27,0.667,102,0.431,27,0.222,0.411,0.44,11.3,6.6,11.6,4,18.7,0.73,0.45,2.18,92.9,101.2
